date_fetched,fetched_at,event_id,ts_start,tourney,surface,p1,p2,wu,wv,bookmaker_id,bookmaker_name,p1_odds,p2_odds,p1_opening,p2_opening
2026-04-09,2026-04-09T00:45:50Z,fiOl6dbT,1775725200,"ATP - SINGLES: Monte Carlo (Monaco), clay",clay,Bergs Z.,Zverev A.,bergs-zizou,zverev-alexander,851,BetMGM.us,4.2,1.22,4.2,1.22
2026-04-09,2026-04-09T00:45:50Z,fiOl6dbT,1775725200,"ATP - SINGLES: Monte Carlo (Monaco), clay",clay,Bergs Z.,Zverev A.,bergs-zizou,zverev-alexander,549,bet365.us,4.33,1.22,5.0,1.17
2026-04-09,2026-04-09T00:45:50Z,IT16OwEc,1775725200,"ATP - SINGLES: Monte Carlo (Monaco), clay",clay,Berrettini M.,Fonseca J.,berrettini-matteo,fonseca-joao,851,BetMGM.us,2.18,1.65,2.1,1.7
2026-04-09,2026-04-09T00:45:50Z,IT16OwEc,1775725200,"ATP - SINGLES: Monte Carlo (Monaco), clay",clay,Berrettini M.,Fonseca J.,berrettini-matteo,fonseca-joao,549,bet365.us,2.2,1.67,2.3,1.62
2026-04-09,2026-04-09T00:45:50Z,OGDj5a66,1775730600,"ATP - SINGLES: Monte Carlo (Monaco), clay",clay,Auger-Aliassime F.,Ruud C.,auger-aliassime-felix,ruud-casper,851,BetMGM.us,2.2,1.65,1.98,1.8
2026-04-09,2026-04-09T00:45:50Z,OGDj5a66,1775730600,"ATP - SINGLES: Monte Carlo (Monaco), clay",clay,Auger-Aliassime F.,Ruud C.,auger-aliassime-felix,ruud-casper,549,bet365.us,2.3,1.62,2.38,1.57
2026-04-09,2026-04-09T00:45:50Z,dIobv2R9,1775730600,"ATP - SINGLES: Monte Carlo (Monaco), clay",clay,Machac T.,Sinner J.,machac-tomas,sinner-jannik,851,BetMGM.us,11.5,1.03,12.0,1.02
2026-04-09,2026-04-09T00:45:50Z,dIobv2R9,1775730600,"ATP - SINGLES: Monte Carlo (Monaco), clay",clay,Machac T.,Sinner J.,machac-tomas,sinner-jannik,549,bet365.us,17.0,1.02,19.0,1.02
2026-04-09,2026-04-09T00:45:50Z,rsvdwpIk,1775736000,"ATP - SINGLES: Monte Carlo (Monaco), clay",clay,Alcaraz C.,Etcheverry T. M.,alcaraz-garfia-carlos,etcheverry-tomas-martin,851,BetMGM.us,1.02,13.0,1.02,12.0
2026-04-09,2026-04-09T00:45:50Z,rsvdwpIk,1775736000,"ATP - SINGLES: Monte Carlo (Monaco), clay",clay,Alcaraz C.,Etcheverry T. M.,alcaraz-garfia-carlos,etcheverry-tomas-martin,549,bet365.us,1.03,15.0,1.06,10.0
2026-04-09,2026-04-09T00:45:50Z,0EG3UjOc,1775736000,"ATP - SINGLES: Monte Carlo (Monaco), clay",clay,Lehecka J.,Bublik A.,lehecka-jiri,bublik-alexander,851,BetMGM.us,1.8,1.98,1.8,1.98
2026-04-09,2026-04-09T00:45:50Z,0EG3UjOc,1775736000,"ATP - SINGLES: Monte Carlo (Monaco), clay",clay,Lehecka J.,Bublik A.,lehecka-jiri,bublik-alexander,549,bet365.us,1.8,2.0,2.0,1.8
2026-04-09,2026-04-09T00:45:50Z,hCsZBPuC,1775741400,"ATP - SINGLES: Monte Carlo (Monaco), clay",clay,Blockx A.,De Minaur A.,blockx-alexander,de-minaur-alex,549,bet365.us,3.5,1.3,3.4,1.33
2026-04-09,2026-04-09T00:45:50Z,hCsZBPuC,1775741400,"ATP - SINGLES: Monte Carlo (Monaco), clay",clay,Blockx A.,De Minaur A.,blockx-alexander,de-minaur-alex,851,BetMGM.us,3.4,1.3,3.4,1.3
2026-04-09,2026-04-09T00:45:50Z,r9SUg0wA,1775741400,"ATP - SINGLES: Monte Carlo (Monaco), clay",clay,Vacherot V.,Hurkacz H.,vacherot-valentin,hurkacz-hubert,851,BetMGM.us,1.65,2.2,1.65,2.2
2026-04-09,2026-04-09T00:45:50Z,r9SUg0wA,1775741400,"ATP - SINGLES: Monte Carlo (Monaco), clay",clay,Vacherot V.,Hurkacz H.,vacherot-valentin,hurkacz-hubert,549,bet365.us,1.67,2.2,1.62,2.3
2026-04-09,2026-04-09T00:45:50Z,4YJSI3IF,1775736000,"WTA - SINGLES: Linz (Austria), clay (indoor)",clay (indoor),Kalinina A.,Vekic D.,kalinina-anhelina,vekic-donna,549,bet365.us,1.73,2.1,1.67,2.2
2026-04-09,2026-04-09T00:45:50Z,4YJSI3IF,1775736000,"WTA - SINGLES: Linz (Austria), clay (indoor)",clay (indoor),Kalinina A.,Vekic D.,kalinina-anhelina,vekic-donna,851,BetMGM.us,1.72,2.1,1.72,2.1
2026-04-09,2026-04-09T00:45:50Z,xlortN15,1775743200,"WTA - SINGLES: Linz (Austria), clay (indoor)",clay (indoor),Tagger L.,Samsonova L.,tagger-lilli,samsonova-liudmila,851,BetMGM.us,1.75,2.05,2.3,1.6
2026-04-09,2026-04-09T00:45:50Z,xlortN15,1775743200,"WTA - SINGLES: Linz (Austria), clay (indoor)",clay (indoor),Tagger L.,Samsonova L.,tagger-lilli,samsonova-liudmila,549,bet365.us,1.8,2.0,2.3,1.62
2026-04-09,2026-04-09T00:45:50Z,URsh5bvm,1775750400,"WTA - SINGLES: Linz (Austria), clay (indoor)",clay (indoor),Pliskova Ka.,Alexandrova E.,pliskova-karolina,alexandrova-ekaterina,549,bet365.us,3.5,1.3,3.75,1.29
2026-04-09,2026-04-09T00:45:50Z,URsh5bvm,1775750400,"WTA - SINGLES: Linz (Austria), clay (indoor)",clay (indoor),Pliskova Ka.,Alexandrova E.,pliskova-karolina,alexandrova-ekaterina,851,BetMGM.us,3.2,1.34,3.6,1.28
2026-04-09,2026-04-09T00:45:50Z,x2IO0vGD,1775755800,"WTA - SINGLES: Linz (Austria), clay (indoor)",clay (indoor),Korpatsch T.,Potapova A.,korpatsch-tamara,potapova-anastasia,549,bet365.us,2.5,1.53,2.5,1.53
2026-04-09,2026-04-09T00:45:50Z,x2IO0vGD,1775755800,"WTA - SINGLES: Linz (Austria), clay (indoor)",clay (indoor),Korpatsch T.,Potapova A.,korpatsch-tamara,potapova-anastasia,851,BetMGM.us,2.45,1.53,2.45,1.53
2026-05-02,2026-05-02T05:47:49Z,G2C8Zjae,1777734000,"WTA - SINGLES: Madrid (Spain), clay",clay,Andreeva M.,Kostyuk M.,andreeva-mirra,kostyuk-marta,549,bet365.us,1.67,2.2,1.67,2.2
2026-05-02,2026-05-02T05:47:49Z,G2C8Zjae,1777734000,"WTA - SINGLES: Madrid (Spain), clay",clay,Andreeva M.,Kostyuk M.,andreeva-mirra,kostyuk-marta,851,BetMGM.us,1.7,2.2,1.6,2.3
2026-05-03,2026-05-03T06:00:29Z,0zlEU12M,1777820400,"ATP - SINGLES: Madrid (Spain), clay",clay,Sinner J.,Zverev A.,sinner-jannik,zverev-alexander,851,BetMGM.us,1.18,5.25,1.22,4.4
2026-05-03,2026-05-03T06:00:29Z,0zlEU12M,1777820400,"ATP - SINGLES: Madrid (Spain), clay",clay,Sinner J.,Zverev A.,sinner-jannik,zverev-alexander,549,bet365.us,1.17,5.0,1.17,5.0
2026-05-04,2026-05-04T06:01:19Z,Oh3i7LCd,1777881600,"ATP - SINGLES: Rome (Italy) - Qualification, clay",clay,Comesana F.,Harris B.,comesana-francisco,harris-billy,851,BetMGM.us,1.2,4.25,1.21,4.1
2026-05-04,2026-05-04T06:01:19Z,M58D9HxQ,1777881600,"ATP - SINGLES: Rome (Italy) - Qualification, clay",clay,Garin C.,Echargui M.,garin-cristian,echargui-moez,851,BetMGM.us,1.15,5.0,1.15,5.0
2026-05-04,2026-05-04T06:01:19Z,ATigRt4S,1777881600,"ATP - SINGLES: Rome (Italy) - Qualification, clay",clay,Martinez P.,De Jong J.,martinez-pedro,de-jong-jesper,851,BetMGM.us,2.45,1.5,2.6,1.45
2026-05-04,2026-05-04T06:01:19Z,v3S1I6xe,1777881600,"ATP - SINGLES: Rome (Italy) - Qualification, clay",clay,Merida Aguilar D.,McDonald M.,daniel-merida-aguilar,mcdonald-mackenzie,851,BetMGM.us,1.2,4.25,1.2,4.25
2026-05-04,2026-05-04T06:01:19Z,xIIQ3n64,1777881600,"ATP - SINGLES: Rome (Italy) - Qualification, clay",clay,Vasami J.,Barrios Vera T.,vasami-jacopo,barrios-vera-marcelo-tomas,851,BetMGM.us,2.15,1.65,2.15,1.65
2026-05-04,2026-05-04T06:01:19Z,z7wOPlpL,1777887000,"ATP - SINGLES: Rome (Italy) - Qualification, clay",clay,Carreno-Busta P.,Damm M.,carreno-busta-pablo,damm-martin-2003,851,BetMGM.us,1.48,2.54,1.5,2.5
2026-05-04,2026-05-04T06:01:19Z,raLGRAF8,1777887000,"ATP - SINGLES: Rome (Italy) - Qualification, clay",clay,Kypson P.,Pinnington Jones J.,kypson-patrick,pinnington-jones-jack,851,BetMGM.us,1.36,2.95,1.36,2.95
2026-05-04,2026-05-04T06:01:19Z,UiFI58yh,1777887000,"ATP - SINGLES: Rome (Italy) - Qualification, clay",clay,Lajovic D.,Choinski J.,lajovic-dusan,choinski-jan,851,BetMGM.us,1.6,2.25,1.65,2.15
2026-05-04,2026-05-04T06:01:19Z,tCrPLKRk,1777887000,"ATP - SINGLES: Rome (Italy) - Qualification, clay",clay,Riedi L.,Gaubas V.,riedi-leandro,gaubas-vilius,851,BetMGM.us,2.95,1.36,2.8,1.4
2026-05-04,2026-05-04T06:01:19Z,Wb0a0DaC,1777887000,"ATP - SINGLES: Rome (Italy) - Qualification, clay",clay,Travaglia S.,Wawrinka S.,travaglia-stefano,wawrinka-stan,851,BetMGM.us,1.8,1.95,1.8,1.95
2026-05-04,2026-05-04T06:01:19Z,EPtXJbd2,1777887000,"ATP - SINGLES: Rome (Italy) - Qualification, clay",clay,van Assche L.,Dellien H.,van-assche-luca,dellien-hugo,851,BetMGM.us,1.6,2.25,1.6,2.25
2026-05-04,2026-05-04T06:01:19Z,AVGY1QzH,1777892400,"ATP - SINGLES: Rome (Italy) - Qualification, clay",clay,Bonzi B.,Svrcina D.,bonzi-benjamin,svrcina-dalibor,851,BetMGM.us,1.72,2.05,1.83,1.91
2026-05-04,2026-05-04T06:01:19Z,KdEDE3KM,1777892400,"ATP - SINGLES: Rome (Italy) - Qualification, clay",clay,Budkov Kjaer N.,Virtanen O.,budkov-kjaer-nicolai,virtanen-otto,851,BetMGM.us,1.6,2.25,1.6,2.25
2026-05-04,2026-05-04T06:01:19Z,jaewVO43,1777892400,"ATP - SINGLES: Rome (Italy) - Qualification, clay",clay,Martin Manzano J. C.,Droguet T.,martin-manzano-juan-cruz,droguet-titouan,851,BetMGM.us,6.25,1.1,6.5,1.09
2026-05-04,2026-05-04T06:01:19Z,rcUu045T,1777892400,"ATP - SINGLES: Rome (Italy) - Qualification, clay",clay,Pellegrino A.,Gaston H.,pellegrino-andrea,gaston-hugo,851,BetMGM.us,1.98,1.78,1.98,1.78
2026-05-04,2026-05-04T06:01:19Z,EaB5GPkA,1777897800,"ATP - SINGLES: Rome (Italy) - Qualification, clay",clay,Bondioli F.,Nava E.,bondioli-federico,nava-emilio,851,BetMGM.us,4.5,1.18,4.33,1.19
2026-05-04,2026-05-04T06:01:19Z,OCgoT2ZF,1777897800,"ATP - SINGLES: Rome (Italy) - Qualification, clay",clay,Kovacevic A.,Carboni L.,kovacevic-aleksandar,carboni-lorenzo,851,BetMGM.us,1.5,2.45,1.48,2.54
2026-05-04,2026-05-04T06:01:19Z,GSaq9srp,1777897800,"ATP - SINGLES: Rome (Italy) - Qualification, clay",clay,Landaluce M.,O'Connell C.,landaluce-martin,o-connell-christopher,851,BetMGM.us,1.55,2.35,1.62,2.2
2026-05-04,2026-05-04T06:01:19Z,2oNWs5qo,1777897800,"ATP - SINGLES: Rome (Italy) - Qualification, clay",clay,Mochizuki S.,Fearnley J.,mochizuki-shintaro,fearnley-jacob,851,BetMGM.us,2.25,1.6,2.2,1.62
2026-05-04,2026-05-04T06:01:19Z,Q1ci2ZUa,1777897800,"ATP - SINGLES: Rome (Italy) - Qualification, clay",clay,Prizmic D.,Rodesch C.,prizmic-dino,rodesch-chris,851,BetMGM.us,1.19,4.4,1.24,3.8
2026-05-04,2026-05-04T06:01:19Z,6Z7cIoLc,1777903200,"ATP - SINGLES: Rome (Italy) - Qualification, clay",clay,Hijikata R.,Basile P.,hijikata-rinky,basile-pierluigi,851,BetMGM.us,1.21,4.1,1.19,4.4
2026-05-04,2026-05-04T06:01:19Z,WxPgKS7r,1777903200,"ATP - SINGLES: Rome (Italy) - Qualification, clay",clay,Moller E.,Basilashvili N.,moeller-elmer,basilashvili-nikoloz,851,BetMGM.us,1.62,2.2,1.62,2.2
2026-05-04,2026-05-04T06:01:19Z,Iyfq4e0m,1777903200,"ATP - SINGLES: Rome (Italy) - Qualification, clay",clay,Piros Z.,Rocha H.,piros-zsombor,rocha-henrique,851,BetMGM.us,1.65,2.15,1.62,2.2
2026-05-04,2026-05-04T06:01:19Z,EuLBfrTj,1777906800,"ATP - SINGLES: Rome (Italy) - Qualification, clay",clay,Vallejo D.,Faria J.,vallejo-daniel,faria-jaime,851,BetMGM.us,1.36,2.95,1.48,2.54
2026-05-04,2026-05-04T06:01:19Z,fDDZyhZp,1777881600,"WTA - SINGLES: Rome (Italy) - Qualification, clay",clay,Jeanjean L.,Parry D.,jeanjean-leolia,parry-diane,851,BetMGM.us,1.75,2.0,1.75,2.0
2026-05-04,2026-05-04T06:01:19Z,GOPelMO7,1777881600,"WTA - SINGLES: Rome (Italy) - Qualification, clay",clay,Krueger A.,Bartunkova N.,krueger-ashlyn,bartunkova-nikola,851,BetMGM.us,1.91,1.83,1.8,1.95
2026-05-04,2026-05-04T06:01:19Z,ppiFlVIj,1777881600,"WTA - SINGLES: Rome (Italy) - Qualification, clay",clay,Potapova A.,Begu I.,potapova-anastasia,begu-irina,851,BetMGM.us,1.15,5.0,1.17,4.6
2026-05-04,2026-05-04T06:01:19Z,jeLkA3oR,1777881600,"WTA - SINGLES: Rome (Italy) - Qualification, clay",clay,Salkova D.,Kraus S.,salkova-dominika,kraus-sinja,851,BetMGM.us,2.7,1.42,2.6,1.45
2026-05-04,2026-05-04T06:01:19Z,jLjHDxhJ,1777887000,"WTA - SINGLES: Rome (Italy) - Qualification, clay",clay,De Stefano S.,Snigur D.,samira-de-stefano,snigur-daria,851,BetMGM.us,3.8,1.24,3.5,1.28
2026-05-04,2026-05-04T06:01:19Z,2c7ydDQG,1777887000,"WTA - SINGLES: Rome (Italy) - Qualification, clay",clay,Pedone G.,Waltert S.,georgia-pedone,waltert-simona,851,BetMGM.us,5.5,1.12,6.0,1.11
2026-05-04,2026-05-04T06:01:19Z,QcN3sEBN,1777887000,"WTA - SINGLES: Rome (Italy) - Qualification, clay",clay,Ruse G.,Dodin O.,ruse-elena-gabriela,dodin-oceane,851,BetMGM.us,1.03,9.75,1.03,9.75
2026-05-04,2026-05-04T06:01:19Z,p4s9ACuA,1777887000,"WTA - SINGLES: Rome (Italy) - Qualification, clay",clay,Sasnovich A.,Grabher J.,sasnovich-aliaksandra,grabher-julia,851,BetMGM.us,1.36,2.95,1.3,3.3
2026-05-04,2026-05-04T06:01:19Z,j39th4Pr,1777892400,"WTA - SINGLES: Rome (Italy) - Qualification, clay",clay,Arango E.,Basiletti N.,arango-emiliana,basiletti-noemi,851,BetMGM.us,1.19,4.33,1.19,4.4
2026-05-04,2026-05-04T06:01:19Z,pKLmodCb,1777892400,"WTA - SINGLES: Rome (Italy) - Qualification, clay",clay,Birrell K.,Yuan Y.,birrell-kimberly,yuan-yue-1998,851,BetMGM.us,2.15,1.65,2.15,1.65
2026-05-04,2026-05-04T06:01:19Z,4pngJtOs,1777892400,"WTA - SINGLES: Rome (Italy) - Qualification, clay",clay,Korneeva A.,Seidel E.,korneeva-alina,seidel-ella,851,BetMGM.us,1.8,1.95,1.8,1.95
2026-05-04,2026-05-04T06:01:19Z,Cjq1CYAc,1777892400,"WTA - SINGLES: Rome (Italy) - Qualification, clay",clay,Osorio C.,Kalinina A.,osorio-serrano-maria-camila,kalinina-anhelina,851,BetMGM.us,1.91,1.83,1.85,1.9
2026-05-04,2026-05-04T06:01:19Z,t88y1a8D,1777892400,"WTA - SINGLES: Rome (Italy) - Qualification, clay",clay,Parks A.,Galfi D.,parks-alycia,galfi-dalma,851,BetMGM.us,2.54,1.48,2.4,1.53
2026-05-04,2026-05-04T06:01:19Z,Ys5T2Lw1,1777892400,"WTA - SINGLES: Rome (Italy) - Qualification, clay",clay,Tagger L.,Lamens S.,tagger-lilli,lamens-suzan,851,BetMGM.us,1.25,3.7,1.33,3.1
2026-05-04,2026-05-04T06:01:19Z,rVHsCPGE,1777897800,"WTA - SINGLES: Rome (Italy) - Qualification, clay",clay,Blinkova A.,Sherif M.,blinkova-anna,sherif-mayar,851,BetMGM.us,2.0,1.75,1.91,1.83
2026-05-04,2026-05-04T06:01:19Z,n70LaeRi,1777897800,"WTA - SINGLES: Rome (Italy) - Qualification, clay",clay,Jimenez Kasintseva V.,Sun L.,jimenez-kasintseva-victoria,radovcic-lulu,851,BetMGM.us,2.0,1.75,2.1,1.67
2026-05-04,2026-05-04T06:01:19Z,rBRmjrfe,1777897800,"WTA - SINGLES: Rome (Italy) - Qualification, clay",clay,Vandewinkel H.,Teichmann J.,van-de-winkel-hanne,teichmann-jil,851,BetMGM.us,1.48,2.54,1.48,2.54
2026-05-04,2026-05-04T06:01:19Z,zB5qfieT,1777897800,"WTA - SINGLES: Rome (Italy) - Qualification, clay",clay,Zarazua R.,Urgesi F.,zarazua-renata,urgesi-federica,851,BetMGM.us,1.17,4.6,1.18,4.5
2026-05-04,2026-05-04T06:01:19Z,Ask1HKhf,1777903200,"WTA - SINGLES: Rome (Italy) - Qualification, clay",clay,Semenistaja D.,Volynets K.,semenistaja-darja,volynets-katie,851,BetMGM.us,2.25,1.6,2.25,1.6
2026-05-04,2026-05-04T06:01:19Z,Y1eNO20K,1777906800,"WTA - SINGLES: Rome (Italy) - Qualification, clay",clay,Masarova R.,Uchijima M.,masarova-rebeka,uchijima-moyuka,851,BetMGM.us,1.85,1.9,1.9,1.85
2026-05-04,2026-05-04T06:01:19Z,IXJeqzsB,1777906800,"WTA - SINGLES: Rome (Italy) - Qualification, clay",clay,Pavlyuchenkova A.,Erjavec V.,pavlyuchenkova-anastasia,erjavec-veronika,851,BetMGM.us,1.45,2.6,1.57,2.3
2026-05-04,2026-05-04T06:01:19Z,fX3TcZe4,1777906800,"WTA - SINGLES: Rome (Italy) - Qualification, clay",clay,Ricci B.,Korpatsch T.,ricci-beatrice,korpatsch-tamara,851,BetMGM.us,6.0,1.11,6.0,1.11
2026-05-04,2026-05-04T06:01:19Z,nR6L4s9l,1777906800,"WTA - SINGLES: Rome (Italy) - Qualification, clay",clay,Townsend T.,Sramkova R.,townsend-taylor,sramkova-rebecca,851,BetMGM.us,1.67,2.1,1.62,2.2
2026-05-05,2026-05-05T05:52:39Z,0jh7oxbK,1777968000,"ATP - SINGLES: Rome (Italy) - Qualification, clay",clay,Carreno-Busta P.,Wawrinka S.,carreno-busta-pablo,wawrinka-stan,851,BetMGM.us,1.42,2.75,1.57,2.3
2026-05-05,2026-05-05T05:52:39Z,xIlwlG1S,1777968000,"ATP - SINGLES: Rome (Italy) - Qualification, clay",clay,Comesana F.,Riedi L.,comesana-francisco,riedi-leandro,851,BetMGM.us,1.5,2.5,1.57,2.3
2026-05-05,2026-05-05T05:52:39Z,dr1QEwNr,1777968000,"ATP - SINGLES: Rome (Italy) - Qualification, clay",clay,Garin C.,Choinski J.,garin-cristian,choinski-jan,851,BetMGM.us,1.34,3.1,1.42,2.7
2026-05-05,2026-05-05T05:52:39Z,8bpnwegm,1777968000,"ATP - SINGLES: Rome (Italy) - Qualification, clay",clay,Merida Aguilar D.,Barrios Vera T.,daniel-merida-aguilar,barrios-vera-marcelo-tomas,851,BetMGM.us,1.48,2.54,1.53,2.4
2026-05-05,2026-05-05T05:52:39Z,fFh5MUOi,1777973400,"ATP - SINGLES: Rome (Italy) - Qualification, clay",clay,Dellien H.,De Jong J.,dellien-hugo,de-jong-jesper,851,BetMGM.us,2.1,1.67,2.2,1.62
2026-05-05,2026-05-05T05:52:39Z,tnssQ5V8,1777973400,"ATP - SINGLES: Rome (Italy) - Qualification, clay",clay,Kypson P.,Droguet T.,kypson-patrick,droguet-titouan,851,BetMGM.us,2.4,1.53,2.2,1.62
2026-05-05,2026-05-05T05:52:39Z,ddKsdpqm,1777973400,"ATP - SINGLES: Rome (Italy) - Qualification, clay",clay,Svrcina D.,Budkov Kjaer N.,svrcina-dalibor,budkov-kjaer-nicolai,851,BetMGM.us,1.8,1.95,1.8,1.95
2026-05-05,2026-05-05T05:52:39Z,CCE7UwZ7,1777978800,"ATP - SINGLES: Rome (Italy) - Qualification, clay",clay,Kovacevic A.,Fearnley J.,kovacevic-aleksandar,fearnley-jacob,851,BetMGM.us,2.35,1.55,2.1,1.67
2026-05-05,2026-05-05T05:52:39Z,Cx8JueOP,1777978800,"ATP - SINGLES: Rome (Italy) - Qualification, clay",clay,Landaluce M.,Pellegrino A.,landaluce-martin,pellegrino-andrea,851,BetMGM.us,1.65,2.15,1.57,2.3
2026-05-05,2026-05-05T05:52:39Z,2wqeS8Pr,1777978800,"ATP - SINGLES: Rome (Italy) - Qualification, clay",clay,Prizmic D.,Bondioli F.,prizmic-dino,bondioli-federico,851,BetMGM.us,1.12,5.75,1.11,6.0
2026-05-05,2026-05-05T05:52:39Z,vgauRY2d,1777984200,"ATP - SINGLES: Rome (Italy) - Qualification, clay",clay,Faria J.,Llamas Ruiz P.,faria-jaime,llamas-ruiz-pablo,851,BetMGM.us,2.15,1.65,1.98,1.78
2026-05-05,2026-05-05T05:52:39Z,APJHyxEG,1777984200,"ATP - SINGLES: Rome (Italy) - Qualification, clay",clay,Hijikata R.,Basilashvili N.,hijikata-rinky,basilashvili-nikoloz,851,BetMGM.us,2.3,1.57,2.15,1.65
2026-05-05,2026-05-05T05:52:39Z,nTyt4Oc3,1777971600,"WTA - SINGLES: Rome (Italy), clay",clay,Krejcikova B.,Jacquemot E.,krejcikova-barbora,jacquemot-elsa,549,bet365.us,1.53,2.5,1.44,2.75
2026-05-05,2026-05-05T05:52:39Z,nTyt4Oc3,1777971600,"WTA - SINGLES: Rome (Italy), clay",clay,Krejcikova B.,Jacquemot E.,krejcikova-barbora,jacquemot-elsa,851,BetMGM.us,1.5,2.54,1.53,2.45
2026-05-05,2026-05-05T05:52:39Z,jcnZhbk2,1777973400,"WTA - SINGLES: Rome (Italy), clay",clay,Bondar A.,Zheng Q.,bondar-anna,zheng-qinwen,549,bet365.us,3.0,1.4,2.38,1.57
2026-05-05,2026-05-05T05:52:39Z,jcnZhbk2,1777973400,"WTA - SINGLES: Rome (Italy), clay",clay,Bondar A.,Zheng Q.,bondar-anna,zheng-qinwen,851,BetMGM.us,2.8,1.42,2.9,1.4
2026-05-05,2026-05-05T05:52:39Z,M3a9XjNO,1777973400,"WTA - SINGLES: Rome (Italy), clay",clay,Marcinko P.,Oliynykova O.,petra-marcinko,oliynykova-oleksandra,549,bet365.us,1.73,2.1,1.67,2.2
2026-05-05,2026-05-05T05:52:39Z,M3a9XjNO,1777973400,"WTA - SINGLES: Rome (Italy), clay",clay,Marcinko P.,Oliynykova O.,petra-marcinko,oliynykova-oleksandra,851,BetMGM.us,1.67,2.15,1.67,2.15
2026-05-05,2026-05-05T05:52:39Z,rXrRfKKk,1777977000,"WTA - SINGLES: Rome (Italy), clay",clay,Kenin S.,Andreescu B.,kenin-sofia,andreescu-bianca,549,bet365.us,2.0,1.8,2.0,1.8
2026-05-05,2026-05-05T05:52:39Z,rXrRfKKk,1777977000,"WTA - SINGLES: Rome (Italy), clay",clay,Kenin S.,Andreescu B.,kenin-sofia,andreescu-bianca,851,BetMGM.us,2.05,1.75,2.1,1.72
2026-05-05,2026-05-05T05:52:39Z,ptwRkYxg,1777978800,"WTA - SINGLES: Rome (Italy), clay",clay,Kessler M.,Bronzetti L.,kessler-mccartney,bronzetti-lucia,851,BetMGM.us,1.48,2.6,1.5,2.55
2026-05-05,2026-05-05T05:52:39Z,ptwRkYxg,1777978800,"WTA - SINGLES: Rome (Italy), clay",clay,Kessler M.,Bronzetti L.,kessler-mccartney,bronzetti-lucia,549,bet365.us,1.5,2.63,1.4,3.0
2026-05-05,2026-05-05T05:52:39Z,I3vLG1s9,1777978800,"WTA - SINGLES: Rome (Italy), clay",clay,Ruzic A.,Rakhimova K.,ruzic-antonia,rakhimova-kamilla,851,BetMGM.us,1.95,1.83,1.95,1.83
2026-05-05,2026-05-05T05:52:39Z,I3vLG1s9,1777978800,"WTA - SINGLES: Rome (Italy), clay",clay,Ruzic A.,Rakhimova K.,ruzic-antonia,rakhimova-kamilla,549,bet365.us,1.91,1.91,1.8,2.0
2026-05-05,2026-05-05T05:52:39Z,ddb0ioEc,1777982400,"WTA - SINGLES: Rome (Italy), clay",clay,Zakharova A.,Yastremska D.,zakharova-anastasia,yastremska-dayana,851,BetMGM.us,3.1,1.36,3.1,1.36
2026-05-05,2026-05-05T05:52:39Z,ddb0ioEc,1777982400,"WTA - SINGLES: Rome (Italy), clay",clay,Zakharova A.,Yastremska D.,zakharova-anastasia,yastremska-dayana,549,bet365.us,3.2,1.36,2.75,1.44
2026-05-05,2026-05-05T05:52:39Z,h6tZmC75,1777984200,"WTA - SINGLES: Rome (Italy), clay",clay,Sonmez Z.,Ruggeri J.,sonmez-zeynep,ruggeri-jennifer,851,BetMGM.us,1.11,6.25,1.11,6.25
2026-05-05,2026-05-05T05:52:39Z,h6tZmC75,1777984200,"WTA - SINGLES: Rome (Italy), clay",clay,Sonmez Z.,Ruggeri J.,sonmez-zeynep,ruggeri-jennifer,549,bet365.us,1.14,5.5,1.13,6.0
2026-05-05,2026-05-05T05:52:39Z,0jOb9JZr,1777984200,"WTA - SINGLES: Rome (Italy), clay",clay,Trevisan M.,Gibson T.,trevisan-martina,gibson-talia,851,BetMGM.us,2.3,1.6,2.45,1.53
2026-05-05,2026-05-05T05:52:39Z,0jOb9JZr,1777984200,"WTA - SINGLES: Rome (Italy), clay",clay,Trevisan M.,Gibson T.,trevisan-martina,gibson-talia,549,bet365.us,2.38,1.57,1.91,1.91
2026-05-05,2026-05-05T05:52:39Z,4M18kPrA,1777987800,"WTA - SINGLES: Rome (Italy), clay",clay,Li A.,Zhang S.,li-ann,zhang-shuai,549,bet365.us,1.33,3.4,1.29,3.75
2026-05-05,2026-05-05T05:52:39Z,4M18kPrA,1777987800,"WTA - SINGLES: Rome (Italy), clay",clay,Li A.,Zhang S.,li-ann,zhang-shuai,851,BetMGM.us,1.28,3.6,1.34,3.2
2026-05-05,2026-05-05T05:52:39Z,SYuLyj6S,1777968000,"WTA - SINGLES: Rome (Italy) - Qualification, clay",clay,Galfi D.,Grabher J.,galfi-dalma,grabher-julia,851,BetMGM.us,1.33,3.1,1.33,3.1
2026-05-05,2026-05-05T05:52:39Z,UFDSfjp9,1777968000,"WTA - SINGLES: Rome (Italy) - Qualification, clay",clay,Potapova A.,Bartunkova N.,potapova-anastasia,bartunkova-nikola,851,BetMGM.us,1.36,2.95,1.36,2.95
2026-05-05,2026-05-05T05:52:39Z,xrberxCN,1777968000,"WTA - SINGLES: Rome (Italy) - Qualification, clay",clay,Ruse G.,Kraus S.,ruse-elena-gabriela,kraus-sinja,851,BetMGM.us,1.5,2.5,1.5,2.5
2026-05-05,2026-05-05T05:52:39Z,xGgGrHVP,1777968000,"WTA - SINGLES: Rome (Italy) - Qualification, clay",clay,Tomljanovic A.,Jeanjean L.,tomljanovic-ajla,jeanjean-leolia,851,BetMGM.us,1.62,2.2,1.62,2.2
2026-05-05,2026-05-05T05:52:39Z,AHqw3foA,1777973400,"WTA - SINGLES: Rome (Italy) - Qualification, clay",clay,Basiletti N.,Snigur D.,basiletti-noemi,snigur-daria,851,BetMGM.us,4.5,1.18,4.33,1.19
2026-05-05,2026-05-05T05:52:39Z,fLsDwCyG,1777973400,"WTA - SINGLES: Rome (Italy) - Qualification, clay",clay,Tagger L.,Korneeva A.,tagger-lilli,korneeva-alina,851,BetMGM.us,1.28,3.5,1.36,2.95
2026-05-05,2026-05-05T05:52:39Z,6XUKDytn,1777973400,"WTA - SINGLES: Rome (Italy) - Qualification, clay",clay,Yuan Y.,Waltert S.,yuan-yue-1998,waltert-simona,851,BetMGM.us,2.4,1.53,2.4,1.53
2026-05-05,2026-05-05T05:52:39Z,GIAa99yf,1777978800,"WTA - SINGLES: Rome (Italy) - Qualification, clay",clay,Kalinina A.,Volynets K.,kalinina-anhelina,volynets-katie,851,BetMGM.us,1.53,2.4,1.6,2.25
2026-05-05,2026-05-05T05:52:39Z,d8prLLhd,1777978800,"WTA - SINGLES: Rome (Italy) - Qualification, clay",clay,Sherif M.,Korpatsch T.,sherif-mayar,korpatsch-tamara,851,BetMGM.us,1.83,1.91,1.87,1.87
2026-05-05,2026-05-05T05:52:39Z,hzxhhB1e,1777978800,"WTA - SINGLES: Rome (Italy) - Qualification, clay",clay,Urgesi F.,Erjavec V.,urgesi-federica,erjavec-veronika,851,BetMGM.us,3.7,1.25,3.5,1.28
2026-05-05,2026-05-05T05:52:39Z,bFZjegzQ,1777984200,"WTA - SINGLES: Rome (Italy) - Qualification, clay",clay,Teichmann J.,Masarova R.,teichmann-jil,masarova-rebeka,851,BetMGM.us,2.6,1.45,2.45,1.5
2026-05-05,2026-05-05T05:52:39Z,nLaz49SQ,1777984200,"WTA - SINGLES: Rome (Italy) - Qualification, clay",clay,Townsend T.,Jimenez Kasintseva V.,townsend-taylor,jimenez-kasintseva-victoria,851,BetMGM.us,1.36,3.0,1.5,2.45
2026-05-06,2026-05-06T06:00:32Z,dSEfx4pQ,1778058000,"ATP - SINGLES: Rome (Italy), clay",clay,Brooksby J.,Baez S.,brooksby-jenson,baez-sebastian,549,bet365.us,3.5,1.3,3.2,1.36
2026-05-06,2026-05-06T06:00:32Z,dSEfx4pQ,1778058000,"ATP - SINGLES: Rome (Italy), clay",clay,Brooksby J.,Baez S.,brooksby-jenson,baez-sebastian,851,BetMGM.us,3.8,1.26,3.4,1.3
2026-05-06,2026-05-06T06:00:32Z,nu2tTa7C,1778058000,"ATP - SINGLES: Rome (Italy), clay",clay,Dzumhur D.,Mannarino A.,dzumhur-damir,mannarino-adrian,549,bet365.us,1.3,3.5,1.44,2.75
2026-05-06,2026-05-06T06:00:32Z,nu2tTa7C,1778058000,"ATP - SINGLES: Rome (Italy), clay",clay,Dzumhur D.,Mannarino A.,dzumhur-damir,mannarino-adrian,851,BetMGM.us,1.28,3.6,1.2,4.33
2026-05-06,2026-05-06T06:00:32Z,lrLhIrgf,1778058000,"ATP - SINGLES: Rome (Italy), clay",clay,Marozsan F.,Kopriva V.,marozsan-fabian,kopriva-vit,549,bet365.us,1.57,2.38,1.67,2.2
2026-05-06,2026-05-06T06:00:32Z,lrLhIrgf,1778058000,"ATP - SINGLES: Rome (Italy), clay",clay,Marozsan F.,Kopriva V.,marozsan-fabian,kopriva-vit,851,BetMGM.us,1.6,2.3,1.83,1.95
2026-05-06,2026-05-06T06:00:32Z,d8O0GMN6,1778058000,"ATP - SINGLES: Rome (Italy), clay",clay,Zhang Z.,Altmaier D.,zhang-zhizhen,altmaier-daniel,851,BetMGM.us,2.4,1.55,2.18,1.65
2026-05-06,2026-05-06T06:00:32Z,d8O0GMN6,1778058000,"ATP - SINGLES: Rome (Italy), clay",clay,Zhang Z.,Altmaier D.,zhang-zhizhen,altmaier-daniel,549,bet365.us,2.5,1.53,2.2,1.67
2026-05-06,2026-05-06T06:00:32Z,ER3YULx0,1778063400,"ATP - SINGLES: Rome (Italy), clay",clay,Muller A.,Van De Zandschulp B.,muller-alexandre,van-de-zandschulp-botic,851,BetMGM.us,2.18,1.67,2.3,1.6
2026-05-06,2026-05-06T06:00:32Z,ER3YULx0,1778063400,"ATP - SINGLES: Rome (Italy), clay",clay,Muller A.,Van De Zandschulp B.,muller-alexandre,van-de-zandschulp-botic,549,bet365.us,2.2,1.67,2.2,1.67
2026-05-06,2026-05-06T06:00:32Z,f55lRwxP,1778063400,"ATP - SINGLES: Rome (Italy), clay",clay,Trungelliti M.,Svajda Z.,trungelliti-marco,svajda-zachary,549,bet365.us,1.4,3.0,1.5,2.63
2026-05-06,2026-05-06T06:00:32Z,f55lRwxP,1778063400,"ATP - SINGLES: Rome (Italy), clay",clay,Trungelliti M.,Svajda Z.,trungelliti-marco,svajda-zachary,851,BetMGM.us,1.36,3.1,1.5,2.54
2026-05-06,2026-05-06T06:00:32Z,ph3RE9n2,1778063400,"ATP - SINGLES: Rome (Italy), clay",clay,Ugo Carabelli C.,Shevchenko A.,ugo-carabelli-camilo,shevchenko-alexander,851,BetMGM.us,1.44,2.75,1.5,2.54
2026-05-06,2026-05-06T06:00:32Z,ph3RE9n2,1778063400,"ATP - SINGLES: Rome (Italy), clay",clay,Ugo Carabelli C.,Shevchenko A.,ugo-carabelli-camilo,shevchenko-alexander,549,bet365.us,1.44,2.75,1.73,2.1
2026-05-06,2026-05-06T06:00:32Z,0p7v4hYq,1778065200,"ATP - SINGLES: Rome (Italy), clay",clay,Hurkacz H.,Hanfmann Y.,hurkacz-hubert,hanfmann-yannick,549,bet365.us,1.44,2.75,1.44,2.75
2026-05-06,2026-05-06T06:00:32Z,0p7v4hYq,1778065200,"ATP - SINGLES: Rome (Italy), clay",clay,Hurkacz H.,Hanfmann Y.,hurkacz-hubert,hanfmann-yannick,851,BetMGM.us,1.45,2.7,1.44,2.75
2026-05-06,2026-05-06T06:00:32Z,dx0gei3E,1778068800,"ATP - SINGLES: Rome (Italy), clay",clay,Struff J-L.,Comesana F.,struff-jan-lennard,comesana-francisco,549,bet365.us,2.63,1.5,2.2,1.67
2026-05-06,2026-05-06T06:00:32Z,dx0gei3E,1778068800,"ATP - SINGLES: Rome (Italy), clay",clay,Struff J-L.,Comesana F.,struff-jan-lennard,comesana-francisco,851,BetMGM.us,2.54,1.5,2.45,1.53
2026-05-06,2026-05-06T06:00:32Z,4YR8E0hJ,1778070600,"ATP - SINGLES: Rome (Italy), clay",clay,Arnaldi M.,Munar J.,arnaldi-matteo,munar-jaume,851,BetMGM.us,1.65,2.18,1.75,2.05
2026-05-06,2026-05-06T06:00:32Z,4YR8E0hJ,1778070600,"ATP - SINGLES: Rome (Italy), clay",clay,Arnaldi M.,Munar J.,arnaldi-matteo,munar-jaume,549,bet365.us,1.62,2.3,1.91,1.91
2026-05-06,2026-05-06T06:00:32Z,UV77XmB7,1778074200,"ATP - SINGLES: Rome (Italy), clay",clay,Carreno-Busta P.,Tabilo A.,carreno-busta-pablo,tabilo-alejandro,549,bet365.us,2.75,1.44,2.63,1.5
2026-05-06,2026-05-06T06:00:32Z,UV77XmB7,1778074200,"ATP - SINGLES: Rome (Italy), clay",clay,Carreno-Busta P.,Tabilo A.,carreno-busta-pablo,tabilo-alejandro,851,BetMGM.us,2.7,1.45,2.8,1.42
2026-05-06,2026-05-06T06:00:32Z,6krZ7UnK,1778074200,"ATP - SINGLES: Rome (Italy), clay",clay,De Jong J.,Borges N.,de-jong-jesper,borges-nuno,851,BetMGM.us,2.1,1.72,1.95,1.83
2026-05-06,2026-05-06T06:00:32Z,6krZ7UnK,1778074200,"ATP - SINGLES: Rome (Italy), clay",clay,De Jong J.,Borges N.,de-jong-jesper,borges-nuno,549,bet365.us,2.0,1.8,2.2,1.67
2026-05-06,2026-05-06T06:00:32Z,b5lXm9el,1778074200,"ATP - SINGLES: Rome (Italy), clay",clay,Vukic A.,Kypson P.,vukic-aleksandar,kypson-patrick,549,bet365.us,3.5,1.3,3.5,1.3
2026-05-06,2026-05-06T06:00:32Z,b5lXm9el,1778074200,"ATP - SINGLES: Rome (Italy), clay",clay,Vukic A.,Kypson P.,vukic-aleksandar,kypson-patrick,851,BetMGM.us,3.7,1.26,3.4,1.3
2026-05-06,2026-05-06T06:00:32Z,2Z21gVXQ,1778079600,"ATP - SINGLES: Rome (Italy), clay",clay,Fearnley J.,Mpetshi Perricard G.,fearnley-jacob,mpetshi-perricard-giovanni,851,BetMGM.us,1.5,2.54,1.5,2.54
2026-05-06,2026-05-06T06:00:32Z,2Z21gVXQ,1778079600,"ATP - SINGLES: Rome (Italy), clay",clay,Fearnley J.,Mpetshi Perricard G.,fearnley-jacob,mpetshi-perricard-giovanni,549,bet365.us,1.5,2.63,1.8,2.0
2026-05-06,2026-05-06T06:00:32Z,dI9aZ9te,1778079600,"ATP - SINGLES: Rome (Italy), clay",clay,Fucsovics M.,Prizmic D.,fucsovics-marton,prizmic-dino,851,BetMGM.us,3.25,1.33,3.25,1.33
2026-05-06,2026-05-06T06:00:32Z,dI9aZ9te,1778079600,"ATP - SINGLES: Rome (Italy), clay",clay,Fucsovics M.,Prizmic D.,fucsovics-marton,prizmic-dino,549,bet365.us,3.4,1.33,3.0,1.4
2026-05-06,2026-05-06T06:00:32Z,GUMpK4Os,1778092200,"ATP - SINGLES: Rome (Italy), clay",clay,Cina F.,Blockx A.,cina-federico,blockx-alexander,549,bet365.us,3.75,1.29,4.5,1.2
2026-05-06,2026-05-06T06:00:32Z,GUMpK4Os,1778092200,"ATP - SINGLES: Rome (Italy), clay",clay,Cina F.,Blockx A.,cina-federico,blockx-alexander,851,BetMGM.us,3.9,1.24,4.75,1.18
2026-05-06,2026-05-06T06:00:32Z,jHxTEuCL,1778058000,"WTA - SINGLES: Rome (Italy), clay",clay,Eala A.,Frech M.,eala-alexandra,frech-magdalena,851,BetMGM.us,1.78,2.0,1.78,2.0
2026-05-06,2026-05-06T06:00:32Z,jHxTEuCL,1778058000,"WTA - SINGLES: Rome (Italy), clay",clay,Eala A.,Frech M.,eala-alexandra,frech-magdalena,549,bet365.us,1.8,2.0,1.73,2.1
2026-05-06,2026-05-06T06:00:32Z,b3qsnjxI,1778058000,"WTA - SINGLES: Rome (Italy), clay",clay,Linette M.,Maria T.,linette-magda,maria-tatjana,549,bet365.us,1.3,3.5,1.36,3.2
2026-05-06,2026-05-06T06:00:32Z,b3qsnjxI,1778058000,"WTA - SINGLES: Rome (Italy), clay",clay,Linette M.,Maria T.,linette-magda,maria-tatjana,851,BetMGM.us,1.3,3.4,1.33,3.25
2026-05-06,2026-05-06T06:00:32Z,xz0Gm3DM,1778058000,"WTA - SINGLES: Rome (Italy), clay",clay,Stefanini L.,Ostapenko J.,stefanini-lucrezia,ostapenko-jelena,851,BetMGM.us,7.75,1.07,8.75,1.06
2026-05-06,2026-05-06T06:00:32Z,xz0Gm3DM,1778058000,"WTA - SINGLES: Rome (Italy), clay",clay,Stefanini L.,Ostapenko J.,stefanini-lucrezia,ostapenko-jelena,549,bet365.us,9.0,1.07,6.0,1.13
2026-05-06,2026-05-06T06:00:32Z,GOT428As,1778058000,"WTA - SINGLES: Rome (Italy), clay",clay,Udvardy P.,Korneeva A.,udvardy-panna,korneeva-alina,851,BetMGM.us,1.62,2.25,1.62,2.25
2026-05-06,2026-05-06T06:00:32Z,GOT428As,1778058000,"WTA - SINGLES: Rome (Italy), clay",clay,Udvardy P.,Korneeva A.,udvardy-panna,korneeva-alina,549,bet365.us,1.73,2.1,1.53,2.5
2026-05-06,2026-05-06T06:00:32Z,KCUiDPOa,1778063400,"WTA - SINGLES: Rome (Italy), clay",clay,Golubic V.,Urgesi F.,golubic-viktorija,urgesi-federica,851,BetMGM.us,1.42,2.85,1.4,2.95
2026-05-06,2026-05-06T06:00:32Z,KCUiDPOa,1778063400,"WTA - SINGLES: Rome (Italy), clay",clay,Golubic V.,Urgesi F.,golubic-viktorija,urgesi-federica,549,bet365.us,1.4,3.0,1.4,3.0
2026-05-06,2026-05-06T06:00:32Z,SxYaB3gC,1778063400,"WTA - SINGLES: Rome (Italy), clay",clay,Jeanjean L.,Haddad Maia B.,jeanjean-leolia,haddad-maia-beatriz,851,BetMGM.us,1.72,2.1,1.75,2.05
2026-05-06,2026-05-06T06:00:32Z,SxYaB3gC,1778063400,"WTA - SINGLES: Rome (Italy), clay",clay,Jeanjean L.,Haddad Maia B.,jeanjean-leolia,haddad-maia-beatriz,549,bet365.us,1.73,2.1,1.62,2.3
2026-05-06,2026-05-06T06:00:32Z,n9onrsyp,1778063400,"WTA - SINGLES: Rome (Italy), clay",clay,Pigato L.,Grant T. C.,pigato-lisa,grant-tyra-caterina,851,BetMGM.us,1.9,1.87,1.9,1.87
2026-05-06,2026-05-06T06:00:32Z,n9onrsyp,1778063400,"WTA - SINGLES: Rome (Italy), clay",clay,Pigato L.,Grant T. C.,pigato-lisa,grant-tyra-caterina,549,bet365.us,1.91,1.91,1.91,1.91
2026-05-06,2026-05-06T06:00:32Z,GOmfyZNa,1778063400,"WTA - SINGLES: Rome (Italy), clay",clay,Siniakova K.,Boisson L.,siniakova-katerina,boisson-lois,851,BetMGM.us,1.3,3.4,1.28,3.6
2026-05-06,2026-05-06T06:00:32Z,GOmfyZNa,1778063400,"WTA - SINGLES: Rome (Italy), clay",clay,Siniakova K.,Boisson L.,siniakova-katerina,boisson-lois,549,bet365.us,1.3,3.5,1.36,3.2
2026-05-06,2026-05-06T06:00:32Z,Uk6ETsMj,1778068800,"WTA - SINGLES: Rome (Italy), clay",clay,Putintseva Y.,Valentova T.,putintseva-yulia,valentova-tereza,851,BetMGM.us,2.15,1.67,2.15,1.67
2026-05-06,2026-05-06T06:00:32Z,Uk6ETsMj,1778068800,"WTA - SINGLES: Rome (Italy), clay",clay,Putintseva Y.,Valentova T.,putintseva-yulia,valentova-tereza,549,bet365.us,2.2,1.67,2.2,1.67
2026-05-06,2026-05-06T06:00:32Z,8GR67c4e,1778068800,"WTA - SINGLES: Rome (Italy), clay",clay,Siegemund L.,Bejlek S.,siegemund-laura,bejlek-sara,549,bet365.us,2.5,1.53,2.38,1.57
2026-05-06,2026-05-06T06:00:32Z,8GR67c4e,1778068800,"WTA - SINGLES: Rome (Italy), clay",clay,Siegemund L.,Bejlek S.,siegemund-laura,bejlek-sara,851,BetMGM.us,2.45,1.53,2.35,1.57
2026-05-06,2026-05-06T06:00:32Z,GGuEK7WP,1778068800,"WTA - SINGLES: Rome (Italy), clay",clay,Sierra S.,Korpatsch T.,sierra-solana,korpatsch-tamara,851,BetMGM.us,1.75,2.05,1.75,2.05
2026-05-06,2026-05-06T06:00:32Z,GGuEK7WP,1778068800,"WTA - SINGLES: Rome (Italy), clay",clay,Sierra S.,Korpatsch T.,sierra-solana,korpatsch-tamara,549,bet365.us,1.8,2.0,1.91,1.91
2026-05-06,2026-05-06T06:00:32Z,n1ce0tcS,1778068800,"WTA - SINGLES: Rome (Italy), clay",clay,Stearns P.,Tjen J.,stearns-peyton,tjen-janice,549,bet365.us,1.44,2.75,1.44,2.75
2026-05-06,2026-05-06T06:00:32Z,n1ce0tcS,1778068800,"WTA - SINGLES: Rome (Italy), clay",clay,Stearns P.,Tjen J.,stearns-peyton,tjen-janice,851,BetMGM.us,1.44,2.75,1.44,2.75
2026-05-06,2026-05-06T06:00:32Z,U56HTp9t,1778068800,"WTA - SINGLES: Rome (Italy), clay",clay,Tagger L.,Sakkari M.,tagger-lilli,sakkari-maria,851,BetMGM.us,2.3,1.6,2.4,1.56
2026-05-06,2026-05-06T06:00:32Z,U56HTp9t,1778068800,"WTA - SINGLES: Rome (Italy), clay",clay,Tagger L.,Sakkari M.,tagger-lilli,sakkari-maria,549,bet365.us,2.3,1.62,2.38,1.57
2026-05-06,2026-05-06T06:00:32Z,CnRqFofm,1778068800,"WTA - SINGLES: Rome (Italy), clay",clay,Townsend T.,Brancaccio N.,townsend-taylor,brancaccio-nuria,549,bet365.us,1.3,3.5,1.29,3.75
2026-05-06,2026-05-06T06:00:32Z,CnRqFofm,1778068800,"WTA - SINGLES: Rome (Italy), clay",clay,Townsend T.,Brancaccio N.,townsend-taylor,brancaccio-nuria,851,BetMGM.us,1.28,3.6,1.28,3.6
2026-05-06,2026-05-06T06:00:32Z,CSvJif8t,1778074200,"WTA - SINGLES: Rome (Italy), clay",clay,Boulter K.,Lys E.,boulter-katie,lys-eva,851,BetMGM.us,1.6,2.3,1.57,2.35
2026-05-06,2026-05-06T06:00:32Z,CSvJif8t,1778074200,"WTA - SINGLES: Rome (Italy), clay",clay,Boulter K.,Lys E.,boulter-katie,lys-eva,549,bet365.us,1.62,2.3,1.57,2.38
2026-05-06,2026-05-06T06:00:32Z,xW9PROwg,1778074200,"WTA - SINGLES: Rome (Italy), clay",clay,Galfi D.,Potapova A.,galfi-dalma,potapova-anastasia,851,BetMGM.us,2.95,1.4,2.95,1.4
2026-05-06,2026-05-06T06:00:32Z,xW9PROwg,1778074200,"WTA - SINGLES: Rome (Italy), clay",clay,Galfi D.,Potapova A.,galfi-dalma,potapova-anastasia,549,bet365.us,3.2,1.36,3.2,1.36
2026-05-06,2026-05-06T06:00:32Z,0jW79sOO,1778074200,"WTA - SINGLES: Rome (Italy), clay",clay,Starodubtseva Y.,Waltert S.,starodubtsewa-yulia,waltert-simona,851,BetMGM.us,1.7,2.1,1.7,2.1
2026-05-06,2026-05-06T06:00:32Z,0jW79sOO,1778074200,"WTA - SINGLES: Rome (Italy), clay",clay,Starodubtseva Y.,Waltert S.,starodubtsewa-yulia,waltert-simona,549,bet365.us,1.62,2.3,1.62,2.3
2026-05-06,2026-05-06T06:00:32Z,OlXC0nuf,1778079600,"WTA - SINGLES: Rome (Italy), clay",clay,Basiletti N.,Tomljanovic A.,basiletti-noemi,tomljanovic-ajla,549,bet365.us,4.33,1.22,4.33,1.22
2026-05-06,2026-05-06T06:00:32Z,OlXC0nuf,1778079600,"WTA - SINGLES: Rome (Italy), clay",clay,Basiletti N.,Tomljanovic A.,basiletti-noemi,tomljanovic-ajla,851,BetMGM.us,4.2,1.22,4.2,1.22
2026-05-06,2026-05-06T06:00:32Z,lxn2ZChC,1778079600,"WTA - SINGLES: Rome (Italy), clay",clay,McNally C.,Kasatkina D.,mcnally-caty,kasatkina-daria,851,BetMGM.us,1.98,1.8,1.87,1.9
2026-05-06,2026-05-06T06:00:32Z,lxn2ZChC,1778079600,"WTA - SINGLES: Rome (Italy), clay",clay,McNally C.,Kasatkina D.,mcnally-caty,kasatkina-daria,549,bet365.us,2.0,1.8,1.91,1.91
2026-05-06,2026-05-06T06:00:32Z,fZlftL5d,1778079600,"WTA - SINGLES: Rome (Italy), clay",clay,Pliskova Ka.,Bouzas Maneiro J.,pliskova-karolina,bouzas-maneiro-jessica,549,bet365.us,1.62,2.3,1.62,2.3
2026-05-06,2026-05-06T06:00:32Z,fZlftL5d,1778079600,"WTA - SINGLES: Rome (Italy), clay",clay,Pliskova Ka.,Bouzas Maneiro J.,pliskova-karolina,bouzas-maneiro-jessica,851,BetMGM.us,1.53,2.45,1.67,2.15
2026-05-06,2026-05-06T06:00:32Z,4SYSd4vJ,1778079600,"WTA - SINGLES: Rome (Italy), clay",clay,Selekhmeteva O.,Masarova R.,selekhmeteva-oksana,masarova-rebeka,851,BetMGM.us,2.2,1.65,2.05,1.75
2026-05-06,2026-05-06T06:00:32Z,4SYSd4vJ,1778079600,"WTA - SINGLES: Rome (Italy), clay",clay,Selekhmeteva O.,Masarova R.,selekhmeteva-oksana,masarova-rebeka,549,bet365.us,2.1,1.73,2.1,1.73
2026-05-06,2026-05-06T06:00:32Z,d2VKbQ96,1778086800,"WTA - SINGLES: Rome (Italy), clay",clay,Cocciaretto E.,Kraus S.,cocciaretto-elisabetta,kraus-sinja,549,bet365.us,1.57,2.38,1.57,2.38
2026-05-06,2026-05-06T06:00:32Z,d2VKbQ96,1778086800,"WTA - SINGLES: Rome (Italy), clay",clay,Cocciaretto E.,Kraus S.,cocciaretto-elisabetta,kraus-sinja,851,BetMGM.us,1.6,2.3,1.6,2.3
2026-05-07,2026-05-07T06:01:30Z,IiUKgvS9,1778144400,"ATP - SINGLES: Rome (Italy), clay",clay,Basilashvili N.,Merida Aguilar D.,basilashvili-nikoloz,daniel-merida-aguilar,851,BetMGM.us,2.35,1.57,2.3,1.6
2026-05-07,2026-05-07T06:01:30Z,IiUKgvS9,1778144400,"ATP - SINGLES: Rome (Italy), clay",clay,Basilashvili N.,Merida Aguilar D.,basilashvili-nikoloz,daniel-merida-aguilar,549,bet365.us,2.3,1.62,2.3,1.62
2026-05-07,2026-05-07T06:01:30Z,610QWs8m,1778144400,"ATP - SINGLES: Rome (Italy), clay",clay,Bergs Z.,Atmane T.,bergs-zizou,atmane-terence,549,bet365.us,1.73,2.1,1.62,2.3
2026-05-07,2026-05-07T06:01:30Z,610QWs8m,1778144400,"ATP - SINGLES: Rome (Italy), clay",clay,Bergs Z.,Atmane T.,bergs-zizou,atmane-terence,851,BetMGM.us,1.75,2.05,1.62,2.25
2026-05-07,2026-05-07T06:01:30Z,zH2YPZf3,1778144400,"ATP - SINGLES: Rome (Italy), clay",clay,Popyrin A.,Berrettini M.,popyrin-alexei,berrettini-matteo,549,bet365.us,2.75,1.44,3.0,1.4
2026-05-07,2026-05-07T06:01:30Z,zH2YPZf3,1778144400,"ATP - SINGLES: Rome (Italy), clay",clay,Popyrin A.,Berrettini M.,popyrin-alexei,berrettini-matteo,851,BetMGM.us,2.6,1.48,2.75,1.44
2026-05-07,2026-05-07T06:01:30Z,lh6iyWBr,1778144400,"ATP - SINGLES: Rome (Italy), clay",clay,Svrcina D.,Kecmanovic M.,svrcina-dalibor,kecmanovic-miomir,851,BetMGM.us,1.98,1.8,1.9,1.9
2026-05-07,2026-05-07T06:01:30Z,lh6iyWBr,1778144400,"ATP - SINGLES: Rome (Italy), clay",clay,Svrcina D.,Kecmanovic M.,svrcina-dalibor,kecmanovic-miomir,549,bet365.us,1.91,1.91,2.0,1.8
2026-05-07,2026-05-07T06:01:30Z,GUMpK4Os,1778149800,"ATP - SINGLES: Rome (Italy), clay",clay,Cina F.,Blockx A.,cina-federico,blockx-alexander,851,BetMGM.us,4.25,1.21,4.75,1.18
2026-05-07,2026-05-07T06:01:30Z,GUMpK4Os,1778149800,"ATP - SINGLES: Rome (Italy), clay",clay,Cina F.,Blockx A.,cina-federico,blockx-alexander,549,bet365.us,4.33,1.22,4.5,1.2
2026-05-07,2026-05-07T06:01:30Z,8U0tODPF,1778149800,"ATP - SINGLES: Rome (Italy), clay",clay,Giron M.,Cilic M.,giron-marcos,cilic-marin,549,bet365.us,2.3,1.62,2.5,1.53
2026-05-07,2026-05-07T06:01:30Z,8U0tODPF,1778149800,"ATP - SINGLES: Rome (Italy), clay",clay,Giron M.,Cilic M.,giron-marcos,cilic-marin,851,BetMGM.us,2.25,1.62,2.3,1.6
2026-05-07,2026-05-07T06:01:30Z,8AAn2W2d,1778153400,"ATP - SINGLES: Rome (Italy), clay",clay,Burruchaga R. A.,Bellucci M.,burruchaga-roman-andres,bellucci-mattia,549,bet365.us,1.4,3.0,1.5,2.63
2026-05-07,2026-05-07T06:01:30Z,8AAn2W2d,1778153400,"ATP - SINGLES: Rome (Italy), clay",clay,Burruchaga R. A.,Bellucci M.,burruchaga-roman-andres,bellucci-mattia,851,BetMGM.us,1.4,2.9,1.42,2.8
2026-05-07,2026-05-07T06:01:30Z,Cv5JGVHk,1778155200,"ATP - SINGLES: Rome (Italy), clay",clay,Bautista-Agut R.,Maestrelli F.,bautista-agut-roberto,maestrelli-francesco,851,BetMGM.us,1.53,2.45,1.65,2.2
2026-05-07,2026-05-07T06:01:30Z,Cv5JGVHk,1778155200,"ATP - SINGLES: Rome (Italy), clay",clay,Bautista-Agut R.,Maestrelli F.,bautista-agut-roberto,maestrelli-francesco,549,bet365.us,1.5,2.63,1.62,2.3
2026-05-07,2026-05-07T06:01:30Z,pvWCe0cc,1778157000,"ATP - SINGLES: Rome (Italy), clay",clay,Quinn E.,Llamas Ruiz P.,quinn-ethan,llamas-ruiz-pablo,851,BetMGM.us,2.15,1.67,2.15,1.67
2026-05-07,2026-05-07T06:01:30Z,pvWCe0cc,1778157000,"ATP - SINGLES: Rome (Italy), clay",clay,Quinn E.,Llamas Ruiz P.,quinn-ethan,llamas-ruiz-pablo,549,bet365.us,2.2,1.67,1.91,1.91
2026-05-07,2026-05-07T06:01:30Z,UBacosNt,1778158800,"ATP - SINGLES: Rome (Italy), clay",clay,Tsitsipas S.,Machac T.,tsitsipas-stefanos,machac-tomas,549,bet365.us,1.67,2.2,1.67,2.2
2026-05-07,2026-05-07T06:01:30Z,UBacosNt,1778158800,"ATP - SINGLES: Rome (Italy), clay",clay,Tsitsipas S.,Machac T.,tsitsipas-stefanos,machac-tomas,851,BetMGM.us,1.67,2.15,1.65,2.2
2026-05-07,2026-05-07T06:01:30Z,6ViunmQ0,1778160600,"ATP - SINGLES: Rome (Italy), clay",clay,Garin C.,Cerundolo J. M.,garin-cristian,cerundolo-juan-manuel,851,BetMGM.us,1.67,2.15,1.75,2.05
2026-05-07,2026-05-07T06:01:30Z,6ViunmQ0,1778160600,"ATP - SINGLES: Rome (Italy), clay",clay,Garin C.,Cerundolo J. M.,garin-cristian,cerundolo-juan-manuel,549,bet365.us,1.73,2.1,1.67,2.2
2026-05-07,2026-05-07T06:01:30Z,bHI0BztA,1778160600,"ATP - SINGLES: Rome (Italy), clay",clay,Tirante T. A.,Cadenasso G.,tirante-thiago-agustin,cadenasso-gianluca,851,BetMGM.us,1.42,2.85,1.53,2.45
2026-05-07,2026-05-07T06:01:30Z,bHI0BztA,1778160600,"ATP - SINGLES: Rome (Italy), clay",clay,Tirante T. A.,Cadenasso G.,tirante-thiago-agustin,cadenasso-gianluca,549,bet365.us,1.5,2.63,1.44,2.75
2026-05-07,2026-05-07T06:01:30Z,jiFhDdBc,1778164200,"ATP - SINGLES: Rome (Italy), clay",clay,Ofner S.,Michelsen A.,ofner-sebastian,michelsen-alex,851,BetMGM.us,1.57,2.35,1.45,2.7
2026-05-07,2026-05-07T06:01:30Z,jiFhDdBc,1778164200,"ATP - SINGLES: Rome (Italy), clay",clay,Ofner S.,Michelsen A.,ofner-sebastian,michelsen-alex,549,bet365.us,1.57,2.38,1.91,1.91
2026-05-07,2026-05-07T06:01:30Z,tdEmMifS,1778166000,"ATP - SINGLES: Rome (Italy), clay",clay,Medjedovic H.,Royer V.,medjedovic-hamad,royer-valentin,549,bet365.us,1.33,3.4,1.5,2.63
2026-05-07,2026-05-07T06:01:30Z,tdEmMifS,1778166000,"ATP - SINGLES: Rome (Italy), clay",clay,Medjedovic H.,Royer V.,medjedovic-hamad,royer-valentin,851,BetMGM.us,1.3,3.4,1.36,3.1
2026-05-07,2026-05-07T06:01:30Z,CbeDxDv9,1778166000,"ATP - SINGLES: Rome (Italy), clay",clay,Shapovalov D.,Navone M.,shapovalov-denis,navone-mariano,851,BetMGM.us,2.7,1.45,2.54,1.5
2026-05-07,2026-05-07T06:01:30Z,CbeDxDv9,1778166000,"ATP - SINGLES: Rome (Italy), clay",clay,Shapovalov D.,Navone M.,shapovalov-denis,navone-mariano,549,bet365.us,2.75,1.44,2.75,1.44
2026-05-07,2026-05-07T06:01:30Z,EeempRfD,1778171400,"ATP - SINGLES: Rome (Italy), clay",clay,Pellegrino A.,Nardi L.,pellegrino-andrea,nardi-luca,549,bet365.us,1.62,2.3,1.91,1.91
2026-05-07,2026-05-07T06:01:30Z,EeempRfD,1778171400,"ATP - SINGLES: Rome (Italy), clay",clay,Pellegrino A.,Nardi L.,pellegrino-andrea,nardi-luca,851,BetMGM.us,1.65,2.18,1.78,2.0
2026-05-07,2026-05-07T06:01:30Z,4EL89EAM,1778173200,"ATP - SINGLES: Rome (Italy), clay",clay,Sonego L.,Buse I.,sonego-lorenzo,buse-ignacio,549,bet365.us,2.38,1.57,2.3,1.62
2026-05-07,2026-05-07T06:01:30Z,4EL89EAM,1778173200,"ATP - SINGLES: Rome (Italy), clay",clay,Sonego L.,Buse I.,sonego-lorenzo,buse-ignacio,851,BetMGM.us,2.35,1.57,2.3,1.6
2026-05-07,2026-05-07T06:01:30Z,YBfC2q7l,1778144400,"WTA - SINGLES: Rome (Italy), clay",clay,Bucsa C.,Zheng Q.,bucsa-cristina,zheng-qinwen,851,BetMGM.us,5.25,1.15,4.4,1.2
2026-05-07,2026-05-07T06:01:30Z,YBfC2q7l,1778144400,"WTA - SINGLES: Rome (Italy), clay",clay,Bucsa C.,Zheng Q.,bucsa-cristina,zheng-qinwen,549,bet365.us,5.0,1.17,5.0,1.17
2026-05-07,2026-05-07T06:01:30Z,6B1DCZ5U,1778144400,"WTA - SINGLES: Rome (Italy), clay",clay,Ruzic A.,Andreeva M.,ruzic-antonia,andreeva-mirra,549,bet365.us,8.0,1.08,9.0,1.07
2026-05-07,2026-05-07T06:01:30Z,6B1DCZ5U,1778144400,"WTA - SINGLES: Rome (Italy), clay",clay,Ruzic A.,Andreeva M.,ruzic-antonia,andreeva-mirra,851,BetMGM.us,7.75,1.07,7.5,1.08
2026-05-07,2026-05-07T06:01:30Z,UcMKqQdf,1778144400,"WTA - SINGLES: Rome (Italy), clay",clay,Udvardy P.,Mertens E.,udvardy-panna,mertens-elise,549,bet365.us,4.0,1.25,4.0,1.25
2026-05-07,2026-05-07T06:01:30Z,UcMKqQdf,1778144400,"WTA - SINGLES: Rome (Italy), clay",clay,Udvardy P.,Mertens E.,udvardy-panna,mertens-elise,851,BetMGM.us,4.0,1.24,4.2,1.22
2026-05-07,2026-05-07T06:01:30Z,lfsBgGr9,1778151600,"WTA - SINGLES: Rome (Italy), clay",clay,Paolini J.,Jeanjean L.,paolini-jasmine,jeanjean-leolia,851,BetMGM.us,1.22,4.2,1.2,4.4
2026-05-07,2026-05-07T06:01:30Z,lfsBgGr9,1778151600,"WTA - SINGLES: Rome (Italy), clay",clay,Paolini J.,Jeanjean L.,paolini-jasmine,jeanjean-leolia,549,bet365.us,1.2,4.5,1.22,4.33
2026-05-07,2026-05-07T06:01:30Z,dj5KZl0c,1778151600,"WTA - SINGLES: Rome (Italy), clay",clay,Zakharova A.,Noskova L.,zakharova-anastasia,noskova-linda,549,bet365.us,6.0,1.13,8.0,1.08
2026-05-07,2026-05-07T06:01:30Z,dj5KZl0c,1778151600,"WTA - SINGLES: Rome (Italy), clay",clay,Zakharova A.,Noskova L.,zakharova-anastasia,noskova-linda,851,BetMGM.us,6.25,1.11,8.0,1.07
2026-05-07,2026-05-07T06:01:30Z,vDoXt9OM,1778152500,"WTA - SINGLES: Rome (Italy), clay",clay,Maria T.,Cirstea S.,maria-tatjana,cirstea-sorana,549,bet365.us,6.0,1.13,6.0,1.13
2026-05-07,2026-05-07T06:01:30Z,vDoXt9OM,1778152500,"WTA - SINGLES: Rome (Italy), clay",clay,Maria T.,Cirstea S.,maria-tatjana,cirstea-sorana,851,BetMGM.us,5.75,1.13,6.0,1.12
2026-05-07,2026-05-07T06:01:30Z,ENoHXYLk,1778153400,"WTA - SINGLES: Rome (Italy), clay",clay,Joint M.,Golubic V.,joint-maya,golubic-viktorija,549,bet365.us,1.8,2.0,1.8,2.0
2026-05-07,2026-05-07T06:01:30Z,ENoHXYLk,1778153400,"WTA - SINGLES: Rome (Italy), clay",clay,Joint M.,Golubic V.,joint-maya,golubic-viktorija,851,BetMGM.us,1.9,1.9,1.83,1.95
2026-05-07,2026-05-07T06:01:30Z,pf82hpRj,1778155200,"WTA - SINGLES: Rome (Italy), clay",clay,Tauson C.,Oliynykova O.,tauson-clara,oliynykova-oleksandra,851,BetMGM.us,1.72,2.1,1.57,2.35
2026-05-07,2026-05-07T06:01:30Z,pf82hpRj,1778155200,"WTA - SINGLES: Rome (Italy), clay",clay,Tauson C.,Oliynykova O.,tauson-clara,oliynykova-oleksandra,549,bet365.us,1.67,2.2,1.57,2.38
2026-05-07,2026-05-07T06:01:30Z,EmJa1yYP,1778157000,"WTA - SINGLES: Rome (Italy), clay",clay,Gauff C.,Valentova T.,gauff-coco,valentova-tereza,549,bet365.us,1.25,4.0,1.3,3.5
2026-05-07,2026-05-07T06:01:30Z,EmJa1yYP,1778157000,"WTA - SINGLES: Rome (Italy), clay",clay,Gauff C.,Valentova T.,gauff-coco,valentova-tereza,851,BetMGM.us,1.25,3.8,1.24,4.0
2026-05-07,2026-05-07T06:01:30Z,86d6LVWP,1778157900,"WTA - SINGLES: Rome (Italy), clay",clay,Siniakova K.,Kalinskaya A.,siniakova-katerina,kalinskaya-anna,851,BetMGM.us,1.72,2.1,1.72,2.1
2026-05-07,2026-05-07T06:01:30Z,86d6LVWP,1778157900,"WTA - SINGLES: Rome (Italy), clay",clay,Siniakova K.,Kalinskaya A.,siniakova-katerina,kalinskaya-anna,549,bet365.us,1.8,2.0,1.73,2.1
2026-05-07,2026-05-07T06:01:30Z,lzazMhU6,1778158800,"WTA - SINGLES: Rome (Italy), clay",clay,Ostapenko J.,Anisimova A.,ostapenko-jelena,anisimova-amanda,851,BetMGM.us,2.05,1.75,2.45,1.53
2026-05-07,2026-05-07T06:01:30Z,lzazMhU6,1778158800,"WTA - SINGLES: Rome (Italy), clay",clay,Ostapenko J.,Anisimova A.,ostapenko-jelena,anisimova-amanda,549,bet365.us,2.1,1.73,2.5,1.53
2026-05-07,2026-05-07T06:01:30Z,tt43KDN5,1778163300,"WTA - SINGLES: Rome (Italy), clay",clay,Sierra S.,Kalinina A.,sierra-solana,kalinina-anhelina,851,BetMGM.us,2.8,1.42,2.8,1.42
2026-05-07,2026-05-07T06:01:30Z,tt43KDN5,1778163300,"WTA - SINGLES: Rome (Italy), clay",clay,Sierra S.,Kalinina A.,sierra-solana,kalinina-anhelina,549,bet365.us,3.0,1.4,2.75,1.44
2026-05-07,2026-05-07T06:01:30Z,v9cK0Ny1,1778166000,"WTA - SINGLES: Rome (Italy), clay",clay,Bencic B.,Andreescu B.,bencic-belinda,andreescu-bianca,549,bet365.us,1.3,3.5,1.29,3.75
2026-05-07,2026-05-07T06:01:30Z,v9cK0Ny1,1778166000,"WTA - SINGLES: Rome (Italy), clay",clay,Bencic B.,Andreescu B.,bencic-belinda,andreescu-bianca,851,BetMGM.us,1.26,3.75,1.24,4.0
2026-05-07,2026-05-07T06:01:30Z,4rPQNUq4,1778168700,"WTA - SINGLES: Rome (Italy), clay",clay,Bouzkova M.,Townsend T.,bouzkova-marie,townsend-taylor,851,BetMGM.us,1.72,2.1,1.72,2.1
2026-05-07,2026-05-07T06:01:30Z,4rPQNUq4,1778168700,"WTA - SINGLES: Rome (Italy), clay",clay,Bouzkova M.,Townsend T.,bouzkova-marie,townsend-taylor,549,bet365.us,1.73,2.1,1.8,2.0
2026-05-07,2026-05-07T06:01:30Z,EBso9UZI,1778169600,"WTA - SINGLES: Rome (Italy), clay",clay,Kessler M.,Jovic I.,kessler-mccartney,jovic-iva,851,BetMGM.us,3.1,1.35,3.25,1.33
2026-05-07,2026-05-07T06:01:30Z,EBso9UZI,1778169600,"WTA - SINGLES: Rome (Italy), clay",clay,Kessler M.,Jovic I.,kessler-mccartney,jovic-iva,549,bet365.us,3.4,1.33,3.4,1.33
2026-05-07,2026-05-07T06:01:30Z,ANjfLQsB,1778178600,"WTA - SINGLES: Rome (Italy), clay",clay,Sabalenka A.,Krejcikova B.,sabalenka-aryna,krejcikova-barbora,851,BetMGM.us,1.05,9.25,1.08,7.5
2026-05-07,2026-05-07T06:01:30Z,ANjfLQsB,1778178600,"WTA - SINGLES: Rome (Italy), clay",clay,Sabalenka A.,Krejcikova B.,sabalenka-aryna,krejcikova-barbora,549,bet365.us,1.07,9.0,1.11,6.5
2026-05-08,2026-05-08T05:41:30Z,UcO5NkQ1,1778230800,"ATP - SINGLES: Rome (Italy), clay",clay,Borges N.,Jodar R.,borges-nuno,jodar-rafael,851,BetMGM.us,4.1,1.22,4.2,1.22
2026-05-08,2026-05-08T05:41:30Z,UcO5NkQ1,1778230800,"ATP - SINGLES: Rome (Italy), clay",clay,Borges N.,Jodar R.,borges-nuno,jodar-rafael,549,bet365.us,4.0,1.25,4.5,1.2
2026-05-08,2026-05-08T05:41:30Z,OzfBezxo,1778230800,"ATP - SINGLES: Rome (Italy), clay",clay,De Minaur A.,Arnaldi M.,de-minaur-alex,arnaldi-matteo,851,BetMGM.us,1.36,3.1,1.36,3.1
2026-05-08,2026-05-08T05:41:30Z,OzfBezxo,1778230800,"ATP - SINGLES: Rome (Italy), clay",clay,De Minaur A.,Arnaldi M.,de-minaur-alex,arnaldi-matteo,549,bet365.us,1.36,3.2,1.36,3.2
2026-05-08,2026-05-08T05:41:30Z,2cF136UN,1778230800,"ATP - SINGLES: Rome (Italy), clay",clay,Khachanov K.,Shevchenko A.,khachanov-karen,shevchenko-alexander,549,bet365.us,1.4,3.0,1.33,3.4
2026-05-08,2026-05-08T05:41:30Z,2cF136UN,1778230800,"ATP - SINGLES: Rome (Italy), clay",clay,Khachanov K.,Shevchenko A.,khachanov-karen,shevchenko-alexander,851,BetMGM.us,1.4,2.9,1.4,2.9
2026-05-08,2026-05-08T05:41:30Z,ryPqjsxH,1778236200,"ATP - SINGLES: Rome (Italy), clay",clay,Ruud C.,Svajda Z.,ruud-casper,svajda-zachary,549,bet365.us,1.06,10.0,1.06,10.0
2026-05-08,2026-05-08T05:41:30Z,ryPqjsxH,1778236200,"ATP - SINGLES: Rome (Italy), clay",clay,Ruud C.,Svajda Z.,ruud-casper,svajda-zachary,851,BetMGM.us,1.06,8.25,1.06,8.25
2026-05-08,2026-05-08T05:41:30Z,t6RBEQ6j,1778236200,"ATP - SINGLES: Rome (Italy), clay",clay,Struff J-L.,Lehecka J.,struff-jan-lennard,lehecka-jiri,549,bet365.us,4.0,1.25,5.0,1.17
2026-05-08,2026-05-08T05:41:30Z,t6RBEQ6j,1778236200,"ATP - SINGLES: Rome (Italy), clay",clay,Struff J-L.,Lehecka J.,struff-jan-lennard,lehecka-jiri,851,BetMGM.us,3.7,1.26,5.0,1.16
2026-05-08,2026-05-08T05:41:30Z,vLmmpzWN,1778236200,"ATP - SINGLES: Rome (Italy), clay",clay,Van De Zandschulp B.,Kovacevic A.,van-de-zandschulp-botic,kovacevic-aleksandar,549,bet365.us,1.3,3.5,1.36,3.2
2026-05-08,2026-05-08T05:41:30Z,vLmmpzWN,1778236200,"ATP - SINGLES: Rome (Italy), clay",clay,Van De Zandschulp B.,Kovacevic A.,van-de-zandschulp-botic,kovacevic-aleksandar,851,BetMGM.us,1.25,3.9,1.33,3.25
2026-05-08,2026-05-08T05:41:30Z,6Jci7uCF,1778238000,"ATP - SINGLES: Rome (Italy), clay",clay,Altmaier D.,Zverev A.,altmaier-daniel,zverev-alexander,851,BetMGM.us,8.75,1.06,9.0,1.05
2026-05-08,2026-05-08T05:41:30Z,6Jci7uCF,1778238000,"ATP - SINGLES: Rome (Italy), clay",clay,Altmaier D.,Zverev A.,altmaier-daniel,zverev-alexander,549,bet365.us,8.0,1.08,10.0,1.06
2026-05-08,2026-05-08T05:41:30Z,WjYkEmsR,1778241600,"ATP - SINGLES: Rome (Italy), clay",clay,Griekspoor T.,Blockx A.,griekspoor-tallon,blockx-alexander,549,bet365.us,2.75,1.44,2.75,1.44
2026-05-08,2026-05-08T05:41:30Z,WjYkEmsR,1778241600,"ATP - SINGLES: Rome (Italy), clay",clay,Griekspoor T.,Blockx A.,griekspoor-tallon,blockx-alexander,851,BetMGM.us,2.7,1.45,2.75,1.44
2026-05-08,2026-05-08T05:41:30Z,QiQcK8jI,1778241600,"ATP - SINGLES: Rome (Italy), clay",clay,Tabilo A.,Cerundolo F.,tabilo-alejandro,cerundolo-francisco,851,BetMGM.us,2.4,1.56,2.35,1.57
2026-05-08,2026-05-08T05:41:30Z,QiQcK8jI,1778241600,"ATP - SINGLES: Rome (Italy), clay",clay,Tabilo A.,Cerundolo F.,tabilo-alejandro,cerundolo-francisco,549,bet365.us,2.3,1.62,2.38,1.57
2026-05-08,2026-05-08T05:41:30Z,2ok1vVKE,1778241600,"ATP - SINGLES: Rome (Italy), clay",clay,Tien L.,Dzumhur D.,tien-learner,dzumhur-damir,851,BetMGM.us,1.6,2.3,1.5,2.54
2026-05-08,2026-05-08T05:41:30Z,2ok1vVKE,1778241600,"ATP - SINGLES: Rome (Italy), clay",clay,Tien L.,Dzumhur D.,tien-learner,dzumhur-damir,549,bet365.us,1.67,2.2,1.5,2.63
2026-05-08,2026-05-08T05:41:30Z,YHXkTwUs,1778243400,"ATP - SINGLES: Rome (Italy), clay",clay,Prizmic D.,Djokovic N.,prizmic-dino,djokovic-novak,851,BetMGM.us,2.54,1.5,2.4,1.56
2026-05-08,2026-05-08T05:41:30Z,YHXkTwUs,1778243400,"ATP - SINGLES: Rome (Italy), clay",clay,Prizmic D.,Djokovic N.,prizmic-dino,djokovic-novak,549,bet365.us,2.63,1.5,3.2,1.36
2026-05-08,2026-05-08T05:41:30Z,lMg9seXN,1778247000,"ATP - SINGLES: Rome (Italy), clay",clay,Baez S.,Bublik A.,baez-sebastian,bublik-alexander,851,BetMGM.us,2.25,1.62,1.98,1.8
2026-05-08,2026-05-08T05:41:30Z,lMg9seXN,1778247000,"ATP - SINGLES: Rome (Italy), clay",clay,Baez S.,Bublik A.,baez-sebastian,bublik-alexander,549,bet365.us,2.3,1.62,2.0,1.8
2026-05-08,2026-05-08T05:41:30Z,YZzNXP26,1778247000,"ATP - SINGLES: Rome (Italy), clay",clay,Humbert U.,Kopriva V.,humbert-ugo,kopriva-vit,851,BetMGM.us,2.35,1.57,2.45,1.53
2026-05-08,2026-05-08T05:41:30Z,YZzNXP26,1778247000,"ATP - SINGLES: Rome (Italy), clay",clay,Humbert U.,Kopriva V.,humbert-ugo,kopriva-vit,549,bet365.us,2.5,1.53,2.1,1.73
2026-05-08,2026-05-08T05:41:30Z,E7Xj8DLj,1778247000,"ATP - SINGLES: Rome (Italy), clay",clay,Paul T.,Vukic A.,paul-tommy,vukic-aleksandar,549,bet365.us,1.1,7.0,1.11,6.5
2026-05-08,2026-05-08T05:41:30Z,E7Xj8DLj,1778247000,"ATP - SINGLES: Rome (Italy), clay",clay,Paul T.,Vukic A.,paul-tommy,vukic-aleksandar,851,BetMGM.us,1.09,7.0,1.09,7.0
2026-05-08,2026-05-08T05:41:30Z,hSk1MQZ9,1778254200,"ATP - SINGLES: Rome (Italy), clay",clay,Hanfmann Y.,Darderi L.,hanfmann-yannick,darderi-luciano,549,bet365.us,2.3,1.62,2.3,1.62
2026-05-08,2026-05-08T05:41:30Z,hSk1MQZ9,1778254200,"ATP - SINGLES: Rome (Italy), clay",clay,Hanfmann Y.,Darderi L.,hanfmann-yannick,darderi-luciano,851,BetMGM.us,2.35,1.57,2.35,1.57
2026-05-08,2026-05-08T05:41:30Z,0jd8sk6k,1778265000,"ATP - SINGLES: Rome (Italy), clay",clay,Musetti L.,Mpetshi Perricard G.,musetti-lorenzo,mpetshi-perricard-giovanni,851,BetMGM.us,1.14,5.5,1.18,4.75
2026-05-08,2026-05-08T05:41:30Z,0jd8sk6k,1778265000,"ATP - SINGLES: Rome (Italy), clay",clay,Musetti L.,Mpetshi Perricard G.,musetti-lorenzo,mpetshi-perricard-giovanni,549,bet365.us,1.17,5.0,1.17,5.0
2026-05-08,2026-05-08T05:41:30Z,Aq8XP285,1778230800,"WTA - SINGLES: Rome (Italy), clay",clay,Gibson T.,Shnaider D.,gibson-talia,shnaider-diana,549,bet365.us,5.5,1.14,4.33,1.22
2026-05-08,2026-05-08T05:41:30Z,Aq8XP285,1778230800,"WTA - SINGLES: Rome (Italy), clay",clay,Gibson T.,Shnaider D.,gibson-talia,shnaider-diana,851,BetMGM.us,5.0,1.16,4.75,1.18
2026-05-08,2026-05-08T05:41:30Z,IcaxY1f5,1778230800,"WTA - SINGLES: Rome (Italy), clay",clay,McNally C.,Swiatek I.,mcnally-caty,swiatek-iga,851,BetMGM.us,7.75,1.07,7.75,1.07
2026-05-08,2026-05-08T05:41:30Z,IcaxY1f5,1778230800,"WTA - SINGLES: Rome (Italy), clay",clay,McNally C.,Swiatek I.,mcnally-caty,swiatek-iga,549,bet365.us,7.0,1.1,6.5,1.11
2026-05-08,2026-05-08T05:41:30Z,MuwD5YMj,1778230800,"WTA - SINGLES: Rome (Italy), clay",clay,Samsonova L.,Li A.,samsonova-liudmila,li-ann,549,bet365.us,1.73,2.1,1.73,2.1
2026-05-08,2026-05-08T05:41:30Z,MuwD5YMj,1778230800,"WTA - SINGLES: Rome (Italy), clay",clay,Samsonova L.,Li A.,samsonova-liudmila,li-ann,851,BetMGM.us,1.65,2.2,1.62,2.25
2026-05-08,2026-05-08T05:41:30Z,WpFIYK5j,1778230800,"WTA - SINGLES: Rome (Italy), clay",clay,Wang Xin.,Eala A.,wang-xinyu-2001,eala-alexandra,549,bet365.us,2.1,1.73,2.0,1.8
2026-05-08,2026-05-08T05:41:30Z,WpFIYK5j,1778230800,"WTA - SINGLES: Rome (Italy), clay",clay,Wang Xin.,Eala A.,wang-xinyu-2001,eala-alexandra,851,BetMGM.us,2.05,1.75,1.98,1.8
2026-05-08,2026-05-08T05:41:30Z,4OYW1mNp,1778236200,"WTA - SINGLES: Rome (Italy), clay",clay,Keys M.,Stearns P.,keys-madison,stearns-peyton,851,BetMGM.us,1.65,2.2,1.55,2.4
2026-05-08,2026-05-08T05:41:30Z,4OYW1mNp,1778236200,"WTA - SINGLES: Rome (Italy), clay",clay,Keys M.,Stearns P.,keys-madison,stearns-peyton,549,bet365.us,1.57,2.38,1.5,2.63
2026-05-08,2026-05-08T05:41:30Z,UNqA9ix0,1778236200,"WTA - SINGLES: Rome (Italy), clay",clay,Potapova A.,Muchova K.,potapova-anastasia,muchova-karolina,549,bet365.us,2.63,1.5,3.2,1.36
2026-05-08,2026-05-08T05:41:30Z,UNqA9ix0,1778236200,"WTA - SINGLES: Rome (Italy), clay",clay,Potapova A.,Muchova K.,potapova-anastasia,muchova-karolina,851,BetMGM.us,2.6,1.48,2.7,1.45
2026-05-08,2026-05-08T05:41:30Z,hvSkMUL5,1778238000,"WTA - SINGLES: Rome (Italy), clay",clay,Osaka N.,Lys E.,osaka-naomi,lys-eva,851,BetMGM.us,1.3,3.4,1.26,3.75
2026-05-08,2026-05-08T05:41:30Z,hvSkMUL5,1778238000,"WTA - SINGLES: Rome (Italy), clay",clay,Osaka N.,Lys E.,osaka-naomi,lys-eva,549,bet365.us,1.3,3.5,1.3,3.5
2026-05-08,2026-05-08T05:41:30Z,n5wwDDVo,1778241600,"WTA - SINGLES: Rome (Italy), clay",clay,Alexandrova E.,Siegemund L.,alexandrova-ekaterina,siegemund-laura,549,bet365.us,1.73,2.1,1.62,2.3
2026-05-08,2026-05-08T05:41:30Z,n5wwDDVo,1778241600,"WTA - SINGLES: Rome (Italy), clay",clay,Alexandrova E.,Siegemund L.,alexandrova-ekaterina,siegemund-laura,851,BetMGM.us,1.7,2.1,1.7,2.1
2026-05-08,2026-05-08T05:41:30Z,vk77khdC,1778241600,"WTA - SINGLES: Rome (Italy), clay",clay,Pegula J.,Sonmez Z.,pegula-jessica,sonmez-zeynep,549,bet365.us,1.22,4.33,1.2,4.5
2026-05-08,2026-05-08T05:41:30Z,vk77khdC,1778241600,"WTA - SINGLES: Rome (Italy), clay",clay,Pegula J.,Sonmez Z.,pegula-jessica,sonmez-zeynep,851,BetMGM.us,1.22,4.2,1.2,4.4
2026-05-08,2026-05-08T05:41:30Z,lvkEB9Li,1778243400,"WTA - SINGLES: Rome (Italy), clay",clay,Grant T. C.,Mboko V.,grant-tyra-caterina,mboko-victoria,851,BetMGM.us,3.4,1.3,3.4,1.3
2026-05-08,2026-05-08T05:41:30Z,lvkEB9Li,1778243400,"WTA - SINGLES: Rome (Italy), clay",clay,Grant T. C.,Mboko V.,grant-tyra-caterina,mboko-victoria,549,bet365.us,3.5,1.3,4.0,1.25
2026-05-08,2026-05-08T05:41:30Z,YanVdEhf,1778247000,"WTA - SINGLES: Rome (Italy), clay",clay,Masarova R.,Fernandez L.,masarova-rebeka,fernandez-leylah-annie,851,BetMGM.us,2.75,1.44,2.75,1.44
2026-05-08,2026-05-08T05:41:30Z,YanVdEhf,1778247000,"WTA - SINGLES: Rome (Italy), clay",clay,Masarova R.,Fernandez L.,masarova-rebeka,fernandez-leylah-annie,549,bet365.us,3.0,1.4,2.75,1.44
2026-05-08,2026-05-08T05:41:30Z,2ZtKYa6K,1778247000,"WTA - SINGLES: Rome (Italy), clay",clay,Waltert S.,Baptiste H.,waltert-simona,baptiste-hailey,549,bet365.us,2.75,1.44,2.75,1.44
2026-05-08,2026-05-08T05:41:30Z,2ZtKYa6K,1778247000,"WTA - SINGLES: Rome (Italy), clay",clay,Waltert S.,Baptiste H.,waltert-simona,baptiste-hailey,851,BetMGM.us,2.9,1.4,2.9,1.4
2026-05-08,2026-05-08T05:41:30Z,dpQcPBek,1778248800,"WTA - SINGLES: Rome (Italy), clay",clay,Sakkari M.,Rybakina E.,sakkari-maria,rybakina-elena,851,BetMGM.us,5.75,1.13,5.75,1.13
2026-05-08,2026-05-08T05:41:30Z,dpQcPBek,1778248800,"WTA - SINGLES: Rome (Italy), clay",clay,Sakkari M.,Rybakina E.,sakkari-maria,rybakina-elena,549,bet365.us,5.5,1.14,5.5,1.14
2026-05-08,2026-05-08T05:41:30Z,Mg8DHtAO,1778252400,"WTA - SINGLES: Rome (Italy), clay",clay,Pliskova Ka.,Cristian J.,pliskova-karolina,cristian-jaqueline,851,BetMGM.us,1.67,2.18,1.65,2.2
2026-05-08,2026-05-08T05:41:30Z,Mg8DHtAO,1778252400,"WTA - SINGLES: Rome (Italy), clay",clay,Pliskova Ka.,Cristian J.,pliskova-karolina,cristian-jaqueline,549,bet365.us,1.73,2.1,1.8,2.0
2026-05-08,2026-05-08T05:41:30Z,GMdOYKNH,1778252400,"WTA - SINGLES: Rome (Italy), clay",clay,Svitolina E.,Basiletti N.,monfils-elina,basiletti-noemi,549,bet365.us,1.05,11.0,1.04,13.0
2026-05-08,2026-05-08T05:41:30Z,GMdOYKNH,1778252400,"WTA - SINGLES: Rome (Italy), clay",clay,Svitolina E.,Basiletti N.,monfils-elina,basiletti-noemi,851,BetMGM.us,1.04,10.5,1.04,10.5
2026-05-08,2026-05-08T05:41:30Z,631cLOAa,1778259600,"WTA - SINGLES: Rome (Italy), clay",clay,Navarro E.,Cocciaretto E.,navarro-emma,cocciaretto-elisabetta,851,BetMGM.us,2.55,1.5,2.18,1.67
2026-05-08,2026-05-08T05:41:30Z,631cLOAa,1778259600,"WTA - SINGLES: Rome (Italy), clay",clay,Navarro E.,Cocciaretto E.,navarro-emma,cocciaretto-elisabetta,549,bet365.us,2.38,1.57,1.73,2.1
2026-05-09,2026-05-09T05:55:13Z,zRHnycsm,1778317200,"ATP - SINGLES: Rome (Italy), clay",clay,Machac T.,Medvedev D.,machac-tomas,medvedev-daniil,549,bet365.us,2.3,1.62,2.5,1.53
2026-05-09,2026-05-09T05:55:13Z,zRHnycsm,1778317200,"ATP - SINGLES: Rome (Italy), clay",clay,Machac T.,Medvedev D.,machac-tomas,medvedev-daniil,851,BetMGM.us,2.2,1.65,2.45,1.53
2026-05-09,2026-05-09T05:55:13Z,ALXkZFf2,1778317200,"ATP - SINGLES: Rome (Italy), clay",clay,Moutet C.,Llamas Ruiz P.,moutet-corentin,llamas-ruiz-pablo,549,bet365.us,1.73,2.1,1.91,1.91
2026-05-09,2026-05-09T05:55:13Z,ALXkZFf2,1778317200,"ATP - SINGLES: Rome (Italy), clay",clay,Moutet C.,Llamas Ruiz P.,moutet-corentin,llamas-ruiz-pablo,851,BetMGM.us,1.7,2.1,1.72,2.1
2026-05-09,2026-05-09T05:55:13Z,xnrNaNZ1,1778317200,"ATP - SINGLES: Rome (Italy), clay",clay,Rublev A.,Kecmanovic M.,rublev-andrey,kecmanovic-miomir,851,BetMGM.us,1.4,2.9,1.42,2.85
2026-05-09,2026-05-09T05:55:13Z,xnrNaNZ1,1778317200,"ATP - SINGLES: Rome (Italy), clay",clay,Rublev A.,Kecmanovic M.,rublev-andrey,kecmanovic-miomir,549,bet365.us,1.36,3.2,1.4,3.0
2026-05-09,2026-05-09T05:55:13Z,6wEhQ4bU,1778317200,"ATP - SINGLES: Rome (Italy), clay",clay,Tirante T. A.,Norrie C.,tirante-thiago-agustin,norrie-cameron,851,BetMGM.us,2.3,1.6,2.2,1.65
2026-05-09,2026-05-09T05:55:13Z,6wEhQ4bU,1778317200,"ATP - SINGLES: Rome (Italy), clay",clay,Tirante T. A.,Norrie C.,tirante-thiago-agustin,norrie-cameron,549,bet365.us,2.3,1.62,2.2,1.67
2026-05-09,2026-05-09T05:55:13Z,MHhspTPq,1778322600,"ATP - SINGLES: Rome (Italy), clay",clay,Auger-Aliassime F.,Navone M.,auger-aliassime-felix,navone-mariano,851,BetMGM.us,1.53,2.45,1.57,2.35
2026-05-09,2026-05-09T05:55:13Z,MHhspTPq,1778322600,"ATP - SINGLES: Rome (Italy), clay",clay,Auger-Aliassime F.,Navone M.,auger-aliassime-felix,navone-mariano,549,bet365.us,1.53,2.5,1.57,2.38
2026-05-09,2026-05-09T05:55:13Z,KOCQBDmS,1778322600,"ATP - SINGLES: Rome (Italy), clay",clay,Cilic M.,Landaluce M.,cilic-marin,landaluce-martin,851,BetMGM.us,1.55,2.4,1.6,2.3
2026-05-09,2026-05-09T05:55:13Z,KOCQBDmS,1778322600,"ATP - SINGLES: Rome (Italy), clay",clay,Cilic M.,Landaluce M.,cilic-marin,landaluce-martin,549,bet365.us,1.57,2.38,1.62,2.3
2026-05-09,2026-05-09T05:55:13Z,rBg8efLH,1778322600,"ATP - SINGLES: Rome (Italy), clay",clay,Etcheverry T. M.,Bellucci M.,etcheverry-tomas-martin,bellucci-mattia,851,BetMGM.us,1.3,3.4,1.34,3.2
2026-05-09,2026-05-09T05:55:13Z,rBg8efLH,1778322600,"ATP - SINGLES: Rome (Italy), clay",clay,Etcheverry T. M.,Bellucci M.,etcheverry-tomas-martin,bellucci-mattia,549,bet365.us,1.3,3.5,1.33,3.4
2026-05-09,2026-05-09T05:55:13Z,p6MTO9K5,1778328000,"ATP - SINGLES: Rome (Italy), clay",clay,Basilashvili N.,Shelton B.,basilashvili-nikoloz,shelton-ben,851,BetMGM.us,3.9,1.25,4.0,1.24
2026-05-09,2026-05-09T05:55:13Z,p6MTO9K5,1778328000,"ATP - SINGLES: Rome (Italy), clay",clay,Basilashvili N.,Shelton B.,basilashvili-nikoloz,shelton-ben,549,bet365.us,4.0,1.25,4.0,1.25
2026-05-09,2026-05-09T05:55:13Z,tGxA5h6N,1778328000,"ATP - SINGLES: Rome (Italy), clay",clay,Cobolli F.,Atmane T.,cobolli-flavio,atmane-terence,851,BetMGM.us,1.3,3.4,1.3,3.4
2026-05-09,2026-05-09T05:55:13Z,tGxA5h6N,1778328000,"ATP - SINGLES: Rome (Italy), clay",clay,Cobolli F.,Atmane T.,cobolli-flavio,atmane-terence,549,bet365.us,1.33,3.4,1.4,3.0
2026-05-09,2026-05-09T05:55:13Z,byHJkddt,1778328000,"ATP - SINGLES: Rome (Italy), clay",clay,Garin C.,Davidovich Fokina A.,garin-cristian,davidovich-fokina-alejandro,851,BetMGM.us,2.25,1.62,2.2,1.65
2026-05-09,2026-05-09T05:55:13Z,byHJkddt,1778328000,"ATP - SINGLES: Rome (Italy), clay",clay,Garin C.,Davidovich Fokina A.,garin-cristian,davidovich-fokina-alejandro,549,bet365.us,2.3,1.62,2.2,1.67
2026-05-09,2026-05-09T05:55:13Z,rFHMNQfM,1778333400,"ATP - SINGLES: Rome (Italy), clay",clay,Medjedovic H.,Fonseca J.,medjedovic-hamad,fonseca-joao,851,BetMGM.us,2.45,1.53,2.75,1.44
2026-05-09,2026-05-09T05:55:13Z,rFHMNQfM,1778333400,"ATP - SINGLES: Rome (Italy), clay",clay,Medjedovic H.,Fonseca J.,medjedovic-hamad,fonseca-joao,549,bet365.us,2.63,1.5,3.0,1.4
2026-05-09,2026-05-09T05:55:13Z,WAjXTKIM,1778333400,"ATP - SINGLES: Rome (Italy), clay",clay,Nakashima B.,Bautista-Agut R.,nakashima-brandon,bautista-agut-roberto,851,BetMGM.us,1.53,2.45,1.44,2.75
2026-05-09,2026-05-09T05:55:13Z,WAjXTKIM,1778333400,"ATP - SINGLES: Rome (Italy), clay",clay,Nakashima B.,Bautista-Agut R.,nakashima-brandon,bautista-agut-roberto,549,bet365.us,1.5,2.63,1.67,2.2
2026-05-09,2026-05-09T05:55:13Z,hSu5qsHr,1778333400,"ATP - SINGLES: Rome (Italy), clay",clay,Tiafoe F.,Buse I.,tiafoe-frances,buse-ignacio,851,BetMGM.us,2.3,1.6,2.45,1.53
2026-05-09,2026-05-09T05:55:13Z,hSu5qsHr,1778333400,"ATP - SINGLES: Rome (Italy), clay",clay,Tiafoe F.,Buse I.,tiafoe-frances,buse-ignacio,549,bet365.us,2.38,1.57,2.1,1.73
2026-05-09,2026-05-09T05:55:13Z,rNNRX7oo,1778338800,"ATP - SINGLES: Rome (Italy), clay",clay,Popyrin A.,Mensik J.,popyrin-alexei,mensik-jakub,851,BetMGM.us,2.9,1.4,2.9,1.4
2026-05-09,2026-05-09T05:55:13Z,rNNRX7oo,1778338800,"ATP - SINGLES: Rome (Italy), clay",clay,Popyrin A.,Mensik J.,popyrin-alexei,mensik-jakub,549,bet365.us,3.2,1.36,4.0,1.25
2026-05-09,2026-05-09T05:55:13Z,lpt7jp56,1778344200,"ATP - SINGLES: Rome (Italy), clay",clay,Pellegrino A.,Fils A.,pellegrino-andrea,arthur-fils,851,BetMGM.us,7.0,1.09,6.5,1.1
2026-05-09,2026-05-09T05:55:13Z,lpt7jp56,1778344200,"ATP - SINGLES: Rome (Italy), clay",clay,Pellegrino A.,Fils A.,pellegrino-andrea,arthur-fils,549,bet365.us,8.0,1.08,6.5,1.11
2026-05-09,2026-05-09T05:55:13Z,xhTpdK0l,1778346000,"ATP - SINGLES: Rome (Italy), clay",clay,Sinner J.,Ofner S.,sinner-jannik,ofner-sebastian,851,BetMGM.us,1.01,15.0,1.01,16.0
2026-05-09,2026-05-09T05:55:13Z,xhTpdK0l,1778346000,"ATP - SINGLES: Rome (Italy), clay",clay,Sinner J.,Ofner S.,sinner-jannik,ofner-sebastian,549,bet365.us,1.01,21.0,1.01,21.0
2026-05-09,2026-05-09T05:55:13Z,A1aXPeKh,1778317200,"WTA - SINGLES: Rome (Italy), clay",clay,Gauff C.,Sierra S.,gauff-coco,sierra-solana,851,BetMGM.us,1.08,7.25,1.11,6.25
2026-05-09,2026-05-09T05:55:13Z,A1aXPeKh,1778317200,"WTA - SINGLES: Rome (Italy), clay",clay,Gauff C.,Sierra S.,gauff-coco,sierra-solana,549,bet365.us,1.08,8.0,1.11,6.5
2026-05-09,2026-05-09T05:55:13Z,S0Ucp9eJ,1778322600,"WTA - SINGLES: Rome (Italy), clay",clay,Oliynykova O.,Noskova L.,oliynykova-oleksandra,noskova-linda,549,bet365.us,3.5,1.3,3.75,1.29
2026-05-09,2026-05-09T05:55:13Z,S0Ucp9eJ,1778322600,"WTA - SINGLES: Rome (Italy), clay",clay,Oliynykova O.,Noskova L.,oliynykova-oleksandra,noskova-linda,851,BetMGM.us,3.6,1.28,4.25,1.21
2026-05-09,2026-05-09T05:55:13Z,SKnhaxMh,1778324400,"WTA - SINGLES: Rome (Italy), clay",clay,Paolini J.,Mertens E.,paolini-jasmine,mertens-elise,851,BetMGM.us,2.1,1.7,2.1,1.7
2026-05-09,2026-05-09T05:55:13Z,SKnhaxMh,1778324400,"WTA - SINGLES: Rome (Italy), clay",clay,Paolini J.,Mertens E.,paolini-jasmine,mertens-elise,549,bet365.us,2.1,1.73,1.91,1.91
2026-05-09,2026-05-09T05:55:13Z,nHsKyOYj,1778328000,"WTA - SINGLES: Rome (Italy), clay",clay,Zheng Q.,Ostapenko J.,zheng-qinwen,ostapenko-jelena,549,bet365.us,1.44,2.75,1.44,2.75
2026-05-09,2026-05-09T05:55:13Z,nHsKyOYj,1778328000,"WTA - SINGLES: Rome (Italy), clay",clay,Zheng Q.,Ostapenko J.,zheng-qinwen,ostapenko-jelena,851,BetMGM.us,1.5,2.55,1.44,2.75
2026-05-09,2026-05-09T05:55:13Z,2RIJHM35,1778329800,"WTA - SINGLES: Rome (Italy), clay",clay,Sabalenka A.,Cirstea S.,sabalenka-aryna,cirstea-sorana,851,BetMGM.us,1.15,5.25,1.15,5.25
2026-05-09,2026-05-09T05:55:13Z,2RIJHM35,1778329800,"WTA - SINGLES: Rome (Italy), clay",clay,Sabalenka A.,Cirstea S.,sabalenka-aryna,cirstea-sorana,549,bet365.us,1.13,6.0,1.1,7.0
2026-05-09,2026-05-09T05:55:13Z,2Np9Sx8j,1778338800,"WTA - SINGLES: Rome (Italy), clay",clay,Golubic V.,Andreeva M.,golubic-viktorija,andreeva-mirra,549,bet365.us,13.0,1.04,11.0,1.05
2026-05-09,2026-05-09T05:55:13Z,2Np9Sx8j,1778338800,"WTA - SINGLES: Rome (Italy), clay",clay,Golubic V.,Andreeva M.,golubic-viktorija,andreeva-mirra,851,BetMGM.us,9.75,1.04,9.75,1.04
2026-05-09,2026-05-09T05:55:13Z,S8O825Gi,1778338800,"WTA - SINGLES: Rome (Italy), clay",clay,Townsend T.,Jovic I.,townsend-taylor,jovic-iva,851,BetMGM.us,2.1,1.72,2.05,1.75
2026-05-09,2026-05-09T05:55:13Z,S8O825Gi,1778338800,"WTA - SINGLES: Rome (Italy), clay",clay,Townsend T.,Jovic I.,townsend-taylor,jovic-iva,549,bet365.us,2.2,1.67,2.38,1.57
2026-05-09,2026-05-09T05:55:13Z,M331p8qn,1778351400,"WTA - SINGLES: Rome (Italy), clay",clay,Bencic B.,Kalinskaya A.,bencic-belinda,kalinskaya-anna,549,bet365.us,1.36,3.2,1.36,3.2
2026-05-09,2026-05-09T05:55:13Z,M331p8qn,1778351400,"WTA - SINGLES: Rome (Italy), clay",clay,Bencic B.,Kalinskaya A.,bencic-belinda,kalinskaya-anna,851,BetMGM.us,1.34,3.2,1.36,3.1
